"id","aliases","published","modified","summary","databaseSeverity","matchedCoordinates","prodReleaseCoordinates","disposition","references","verificationDate","evidenceStatus"
"GHSA-2363-cqg2-863c","BIT-solr-2021-33813; CVE-2021-33813","7/27/2021 7:02:56 PM","9/16/2025 3:52:31 PM","XML External Entity (XXE) Injection in JDOM","HIGH","org.jdom:jdom2:2.0.6","","Version-range match; investigate build/test reachability and qualify parent update (WP0a); no exploit demonstrated","https://github.com/hunterhacker/jdom/issues/189; https://lists.apache.org/thread.html/rfb7a93e40ebeb1e0068cde0bf3834dcab46bb1ef06d6424db48ed9fd@%3Cdev.tika.apache.org%3E; https://lists.apache.org/thread.html/rbc075a4ac85e7a8e47420b7383f16ffa0af3b792b8423584735f369f@%3Cissues.solr.apache.org%3E; https://lists.apache.org/thread.html/r9974f64723875052e02787b2a5eda689ac5247c71b827d455e5dc9a6@%3Cissues.solr.apache.org%3E; https://lists.apache.org/thread.html/r89b3800cfabb1e773e49425e5d4239c28a659839a2eca6af3431482e@%3Cissues.solr.apache.org%3E; https://lists.apache.org/thread.html/r845e987b7cd8efe610284958e997b84583f5a98d3394adc09e3482fe@%3Cissues.solr.apache.org%3E; https://lists.apache.org/thread.html/r6db397ae7281ead825338200d1f62d2827585a70797cc9ac0c4bd23f@%3Cissues.solr.apache.org%3E; https://lists.apache.org/thread.html/r5674106135bb1a6ef57483f4c63a9c44bca85d0e2a8a05895a8f1d89@%3Cissues.solr.apache.org%3E; https://lists.apache.org/thread.html/r21c406c7ed88fe340db7dbae75e58355159e6c324037c7d5547bf40b@%3Cissues.solr.apache.org%3E; https://github.com/hunterhacker/jdom/releases/tag/JDOM-2.0.6.1; https://github.com/hunterhacker/jdom/releases","2026-09-25","OSV record retrieved; primary-source family review in report; not per-advisory exploit verification"
"GHSA-3677-xxcr-wjqv","CVE-2024-29371","12/17/2025 6:31:33 PM","2026-09-10T03:50:31.318789886Z","jose4j is vulnerable to DoS via compressed JWE content","HIGH","org.bitbucket.b_c:jose4j:0.9.5","","Version-range match; investigate build/test reachability and qualify parent update (WP0a); no exploit demonstrated","https://bitbucket.org/b_c/jose4j/commits/19a90a64c47bb07c4aa5462f1316d5c293d81fcf; https://bitbucket.org/b_c/jose4j/issues/220/vuln-zip-bomb-attack; https://bitbucket.org/b_c/jose4j/wiki/Home","2026-09-25","OSV record retrieved; primary-source family review in report; not per-advisory exploit verification"
"GHSA-389x-839f-4rhx","CVE-2025-25193","2/10/2025 6:14:47 PM","2026-09-10T03:50:22.454183571Z","Denial of Service attack on windows app using Netty","MODERATE","io.netty:netty-common:4.1.110.Final; io.netty:netty-common:4.1.93.Final","","Version-range match; investigate build/test reachability and qualify parent update (WP0a); no exploit demonstrated","https://github.com/netty/netty/security/advisories/GHSA-389x-839f-4rhx","2026-09-25","OSV record retrieved; primary-source family review in report; not per-advisory exploit verification"
"GHSA-38f8-5428-x5cv","CVE-2026-42585","5/7/2026 12:22:27 AM","2026-09-10T03:51:04.415985581Z","Netty vulnerable to HTTP Request Smuggling due to malformed Transfer-Encoding","MODERATE","io.netty:netty-codec-http:4.1.110.Final; io.netty:netty-codec-http:4.1.93.Final","","Version-range match; investigate build/test reachability and qualify parent update (WP0a); no exploit demonstrated","https://github.com/netty/netty/security/advisories/GHSA-38f8-5428-x5cv","2026-09-25","OSV record retrieved; primary-source family review in report; not per-advisory exploit verification"
"GHSA-3p8m-j85q-pgmj","CVE-2025-58057","9/3/2025 6:00:55 PM","2026-09-10T03:50:27.942019467Z","Netty's decoders vulnerable to DoS via zip bomb style attack","MODERATE","io.netty:netty-codec:4.1.110.Final; io.netty:netty-codec:4.1.93.Final","","Version-range match; investigate build/test reachability and qualify parent update (WP0a); no exploit demonstrated","https://github.com/netty/netty/security/advisories/GHSA-3p8m-j85q-pgmj","2026-09-25","OSV record retrieved; primary-source family review in report; not per-advisory exploit verification"
"GHSA-3qp7-7mw8-wx86","CVE-2026-44249","6/8/2026 7:00:33 PM","2026-09-10T03:50:55.436123619Z","Netty has an IPv6 Subnet Filter Bypass via Incorrect Comparator Masking","HIGH","io.netty:netty-handler:4.1.110.Final; io.netty:netty-handler:4.1.93.Final","","Version-range match; investigate build/test reachability and qualify parent update (WP0a); no exploit demonstrated","https://github.com/netty/netty/security/advisories/GHSA-3qp7-7mw8-wx86","2026-09-25","OSV record retrieved; primary-source family review in report; not per-advisory exploit verification"
"GHSA-4265-ccf5-phj5","CVE-2024-26308","2/19/2024 9:30:52 AM","2026-09-10T03:50:05.280645047Z","Apache Commons Compress: OutOfMemoryError unpacking broken Pack200 file","MODERATE","org.apache.commons:commons-compress:1.21","","Version-range match; investigate build/test reachability and qualify parent update (WP0a); no exploit demonstrated","https://lists.apache.org/thread/ch5yo2d21p7vlqrhll9b17otbyq4npfg","2026-09-25","OSV record retrieved; primary-source family review in report; not per-advisory exploit verification"
"GHSA-45q3-82m4-75jr","CVE-2026-42578","5/7/2026 12:11:40 AM","2026-09-10T03:51:04.662453637Z","Netty has HTTP Header Injection via HttpProxyHandler Disabled Validation (Incomplete Fix CVE-2025-67735)","LOW","io.netty:netty-handler-proxy:4.1.110.Final; io.netty:netty-handler-proxy:4.1.93.Final","","Version-range match; investigate build/test reachability and qualify parent update (WP0a); no exploit demonstrated","https://github.com/netty/netty/security/advisories/GHSA-45q3-82m4-75jr","2026-09-25","OSV record retrieved; primary-source family review in report; not per-advisory exploit verification"
"GHSA-4g8c-wm8x-jfhw","CVE-2025-24970","2/10/2025 5:38:10 PM","2026-09-10T03:50:22.400091931Z","SslHandler doesn't correctly validate packets which can lead to native crash when using native SSLEngine","HIGH","io.netty:netty-handler:4.1.110.Final; io.netty:netty-handler:4.1.93.Final","","Version-range match; investigate build/test reachability and qualify parent update (WP0a); no exploit demonstrated","https://github.com/netty/netty/security/advisories/GHSA-4g8c-wm8x-jfhw","2026-09-25","OSV record retrieved; primary-source family review in report; not per-advisory exploit verification"
"GHSA-4g9r-vxhx-9pgx","CVE-2024-25710","2/19/2024 9:30:50 AM","2026-09-10T03:50:05.286961308Z","Apache Commons Compress: Denial of service caused by an infinite loop for a corrupted DUMP file","MODERATE","org.apache.commons:commons-compress:1.21","","Version-range match; investigate build/test reachability and qualify parent update (WP0a); no exploit demonstrated","https://lists.apache.org/thread/cz8qkcwphy4cx8gltn932ln51cbtq6kf","2026-09-25","OSV record retrieved; primary-source family review in report; not per-advisory exploit verification"
"GHSA-4mp9-239f-g9hg","CVE-2026-59898","7/22/2026 9:48:59 PM","2026-09-10T03:51:10.413004153Z","Netty: WebSockets V07/V08 handshaker missing Connection/Upgrade validation","MODERATE","io.netty:netty-codec-http:4.1.110.Final; io.netty:netty-codec-http:4.1.93.Final","","Version-range match; investigate build/test reachability and qualify parent update (WP0a); no exploit demonstrated","https://github.com/netty/netty/security/advisories/GHSA-4mp9-239f-g9hg","2026-09-25","OSV record retrieved; primary-source family review in report; not per-advisory exploit verification"
"GHSA-558v-64gr-wgg4","CVE-2026-59901","7/22/2026 9:50:47 PM","2026-09-10T03:50:12.358146459Z","Netty: [Bzip2Decoder] Infinite Loop in RLE State Machine Leads to Event-Loop Thread Hang","HIGH","io.netty:netty-codec:4.1.110.Final; io.netty:netty-codec:4.1.93.Final","","Version-range match; investigate build/test reachability and qualify parent update (WP0a); no exploit demonstrated","https://github.com/netty/netty/security/advisories/GHSA-558v-64gr-wgg4","2026-09-25","OSV record retrieved; primary-source family review in report; not per-advisory exploit verification"
"GHSA-563q-j3cm-6jxm","CVE-2026-50560","6/15/2026 8:46:56 PM","2026-09-10T03:50:48.396944762Z","Netty susceptible to HTTP/2 Reset Attack with different on-the-wire signature","MODERATE","io.netty:netty-codec-http2:4.1.110.Final; io.netty:netty-codec-http2:4.1.93.Final","","Version-range match; investigate build/test reachability and qualify parent update (WP0a); no exploit demonstrated","https://github.com/netty/netty/security/advisories/GHSA-563q-j3cm-6jxm","2026-09-25","OSV record retrieved; primary-source family review in report; not per-advisory exploit verification"
"GHSA-574f-3g2m-x479","CVE-2025-14813","4/17/2026 6:31:50 PM","2026-09-24T15:30:06.452617383Z","Bouncy Castle for Java GOST 28147 CTR mode reuses keystream after 255 blocks","CRITICAL","org.bouncycastle:bcprov-jdk18on:1.78.1; org.bouncycastle:bcprov-jdk18on:1.79","org.bouncycastle:bcprov-jdk18on:1.78.1","Update through WP5a; direct source uses Argon2 only; affected GOST/LDAP/PKIX/ASN.1 paths not identified; transitive/R8 reachability remains open","https://github.com/bcgit/bc-java/commit/b42574345414e4b7c8051b16fa1fafe01c29871f; https://github.com/bcgit/bc-java/commit/701686cb0184cd9ae103c801b3581fdf95c6d4f3; https://github.com/bcgit/bc-java/wiki/CVE%E2%80%902025%E2%80%9014813","2026-09-25","OSV record retrieved; primary-source family review in report; not per-advisory exploit verification"
"GHSA-57rv-r2g8-2cj3","CVE-2026-42584","5/7/2026 12:21:48 AM","2026-09-10T03:51:04.645242629Z","Netty has HttpClientCodec response desynchronization","HIGH","io.netty:netty-codec-http:4.1.110.Final; io.netty:netty-codec-http:4.1.93.Final","","Version-range match; investigate build/test reachability and qualify parent update (WP0a); no exploit demonstrated","https://github.com/netty/netty/security/advisories/GHSA-57rv-r2g8-2cj3","2026-09-25","OSV record retrieved; primary-source family review in report; not per-advisory exploit verification"
"GHSA-5jpm-x58v-624v","CVE-2024-29025","3/25/2024 7:40:50 PM","2026-09-10T03:50:10.174704931Z","Netty's HttpPostRequestDecoder can OOM","MODERATE","io.netty:netty-codec-http:4.1.93.Final","","Version-range match; investigate build/test reachability and qualify parent update (WP0a); no exploit demonstrated","https://github.com/netty/netty/security/advisories/GHSA-5jpm-x58v-624v","2026-09-25","OSV record retrieved; primary-source family review in report; not per-advisory exploit verification"
"GHSA-5x3r-wrvg-rp6q","CVE-2026-47244","6/8/2026 11:02:40 PM","2026-09-10T03:50:48.488084830Z","Netty HTTP/2: Advertised MAX_CONCURRENT_STREAMS are not enforced","MODERATE","io.netty:netty-codec-http2:4.1.110.Final; io.netty:netty-codec-http2:4.1.93.Final","","Version-range match; investigate build/test reachability and qualify parent update (WP0a); no exploit demonstrated","https://github.com/netty/netty/security/advisories/GHSA-5x3r-wrvg-rp6q","2026-09-25","OSV record retrieved; primary-source family review in report; not per-advisory exploit verification"
"GHSA-6cqp-g7gg-8hr5","CVE-2026-56746","7/22/2026 9:42:17 PM","2026-09-10T03:51:10.615779608Z","Netty: Security Control Bypass via CORS Short-Circuit Failure","MODERATE","io.netty:netty-codec-http:4.1.110.Final; io.netty:netty-codec-http:4.1.93.Final","","Version-range match; investigate build/test reachability and qualify parent update (WP0a); no exploit demonstrated","https://github.com/netty/netty/security/advisories/GHSA-6cqp-g7gg-8hr5","2026-09-25","OSV record retrieved; primary-source family review in report; not per-advisory exploit verification"
"GHSA-6jqx-86gh-f27w","CVE-2026-55831","7/22/2026 9:07:36 PM","2026-09-10T03:51:10.812069139Z","Netty SPDY SETTINGS frame count materializes unbounded settings map","HIGH","io.netty:netty-codec-http:4.1.110.Final; io.netty:netty-codec-http:4.1.93.Final","","Version-range match; investigate build/test reachability and qualify parent update (WP0a); no exploit demonstrated","https://github.com/netty/netty/security/advisories/GHSA-6jqx-86gh-f27w","2026-09-25","OSV record retrieved; primary-source family review in report; not per-advisory exploit verification"
"GHSA-6mjq-h674-j845","CVE-2023-34462","6/20/2023 4:33:22 PM","2026-09-10T03:50:02.086375075Z","netty-handler SniHandler 16MB allocation","MODERATE","io.netty:netty-handler:4.1.93.Final","","Version-range match; investigate build/test reachability and qualify parent update (WP0a); no exploit demonstrated","https://github.com/netty/netty/security/advisories/GHSA-6mjq-h674-j845","2026-09-25","OSV record retrieved; primary-source family review in report; not per-advisory exploit verification"
"GHSA-735f-pc8j-v9w8","CVE-2024-7254","9/19/2024 4:06:03 PM","2026-09-10T03:50:19.212518465Z","protobuf-java has potential Denial of Service issue","HIGH","com.google.protobuf:protobuf-java:3.24.4; com.google.protobuf:protobuf-kotlin:3.24.4","","Version-range match; investigate build/test reachability and qualify parent update (WP0a); no exploit demonstrated","https://github.com/protocolbuffers/protobuf/security/advisories/GHSA-735f-pc8j-v9w8","2026-09-25","OSV record retrieved; primary-source family review in report; not per-advisory exploit verification"
"GHSA-84h7-rjj3-6jx4","CVE-2025-67735","12/15/2025 11:28:49 PM","2026-09-10T03:50:31.724062875Z","Netty has a CRLF Injection vulnerability in io.netty.handler.codec.http.HttpRequestEncoder","MODERATE","io.netty:netty-codec-http:4.1.110.Final; io.netty:netty-codec-http:4.1.93.Final","","Version-range match; investigate build/test reachability and qualify parent update (WP0a); no exploit demonstrated","https://github.com/netty/netty/security/advisories/GHSA-84h7-rjj3-6jx4","2026-09-25","OSV record retrieved; primary-source family review in report; not per-advisory exploit verification"
"GHSA-8c42-7qj2-3j46","CVE-2026-59903","8/17/2026 6:24:26 PM","2026-09-10T03:51:13.389261985Z","Netty Vulnerable to Cache Poisoning and Information Disclosure via CORS Vary Header Overwrite","MODERATE","io.netty:netty-codec-http:4.1.110.Final; io.netty:netty-codec-http:4.1.93.Final","","Version-range match; investigate build/test reachability and qualify parent update (WP0a); no exploit demonstrated","https://github.com/netty/netty/security/advisories/GHSA-8c42-7qj2-3j46","2026-09-25","OSV record retrieved; primary-source family review in report; not per-advisory exploit verification"
"GHSA-93wv-jw9v-4972","CVE-2026-56819","7/31/2026 4:51:50 PM","2026-09-10T03:51:11.318239719Z","Netty: HTTP/2 decompression leaks ByteBuf reference count when the decompressor channel is already closed (Direct memory leak / OOM DoS)","HIGH","io.netty:netty-codec-http2:4.1.110.Final; io.netty:netty-codec-http2:4.1.93.Final","","Version-range match; investigate build/test reachability and qualify parent update (WP0a); no exploit demonstrated","https://github.com/netty/netty/security/advisories/GHSA-93wv-jw9v-4972","2026-09-25","OSV record retrieved; primary-source family review in report; not per-advisory exploit verification"
"GHSA-9pwp-9qqc-pr26","CVE-2026-8763","8/3/2026 3:31:56 AM","2026-09-18T17:45:06.105254943Z","Bouncy Castle: Name Constraints bypass via trailing dot in rfc822Name and URI","CRITICAL","org.bouncycastle:bcprov-jdk18on:1.78.1; org.bouncycastle:bcprov-jdk18on:1.79","org.bouncycastle:bcprov-jdk18on:1.78.1","Update through WP5a; direct source uses Argon2 only; affected GOST/LDAP/PKIX/ASN.1 paths not identified; transitive/R8 reachability remains open","https://github.com/bcgit/bc-java/commit/2c28b253a44681fbbc562561eab6ad383d2ae558; https://github.com/bcgit/bc-java/wiki/CVE%E2%80%902026%E2%80%908763; https://github.com/bcgit/bc-java/wiki/CVE-2026-8763","2026-09-25","OSV record retrieved; primary-source family review in report; not per-advisory exploit verification"
"GHSA-c2gf-v879-257j","CVE-2026-48043","6/11/2026 1:28:46 PM","2026-09-18T15:45:05.615379396Z","netty-codec-http2: ByteBuf Reference-Count Leak in DelegatingDecompressorFrameListener Leads to Memory Exhaustion","MODERATE","io.netty:netty-codec-http2:4.1.110.Final; io.netty:netty-codec-http2:4.1.93.Final","","Version-range match; investigate build/test reachability and qualify parent update (WP0a); no exploit demonstrated","https://github.com/netty/netty/security/advisories/GHSA-c2gf-v879-257j","2026-09-25","OSV record retrieved; primary-source family review in report; not per-advisory exploit verification"
"GHSA-c3fc-8qff-9hwx","CVE-2026-0636","4/17/2026 6:31:50 PM","2026-09-10T03:51:01.534612930Z","Bouncy Castle has an LDAP injection","MODERATE","org.bouncycastle:bcprov-jdk18on:1.78.1; org.bouncycastle:bcprov-jdk18on:1.79","org.bouncycastle:bcprov-jdk18on:1.78.1","Update through WP5a; direct source uses Argon2 only; affected GOST/LDAP/PKIX/ASN.1 paths not identified; transitive/R8 reachability remains open","https://github.com/bcgit/bc-java/commit/d20cdb8430e09224114fec0179a71859929fcbde; https://github.com/bcgit/bc-java/wiki/CVE%E2%80%902026%E2%80%900636","2026-09-25","OSV record retrieved; primary-source family review in report; not per-advisory exploit verification"
"GHSA-c4c3-7fpv-j4q5","CVE-2026-75595","9/8/2026 6:16:14 PM","2026-09-08T18:27:48.571082951Z","Netty: SNI Routing Bypass via Fragmented TLS ClientHello Causing Fallback to Default SslContext","CRITICAL","io.netty:netty-handler:4.1.110.Final; io.netty:netty-handler:4.1.93.Final","","Version-range match; investigate build/test reachability and qualify parent update (WP0a); no exploit demonstrated","https://github.com/netty/netty/security/advisories/GHSA-c4c3-7fpv-j4q5","2026-09-25","OSV record retrieved; primary-source family review in report; not per-advisory exploit verification"
"GHSA-c653-97m9-rcg9","CVE-2026-50010","6/15/2026 8:45:45 PM","2026-09-10T03:51:08.552933314Z","Netty: Wrapping plain trust manager silently disables hostname verification","HIGH","io.netty:netty-handler:4.1.110.Final; io.netty:netty-handler:4.1.93.Final","","Version-range match; investigate build/test reachability and qualify parent update (WP0a); no exploit demonstrated","https://github.com/netty/netty/security/advisories/GHSA-c653-97m9-rcg9","2026-09-25","OSV record retrieved; primary-source family review in report; not per-advisory exploit verification"
"GHSA-c69g-56f8-xwqj","CVE-2026-59900","7/22/2026 9:49:28 PM","2026-09-10T03:51:11.564389466Z","Netty: [codec-http2] Lack of Host Header Deduplication in HTTP/2→HTTP/1.x Translation Leads to Request Routing Bypass","MODERATE","io.netty:netty-codec-http2:4.1.110.Final; io.netty:netty-codec-http2:4.1.93.Final","","Version-range match; investigate build/test reachability and qualify parent update (WP0a); no exploit demonstrated","https://github.com/netty/netty/security/advisories/GHSA-c69g-56f8-xwqj","2026-09-25","OSV record retrieved; primary-source family review in report; not per-advisory exploit verification"
"GHSA-f6hv-jmp6-3vwv","CVE-2026-42587","5/7/2026 12:46:35 AM","2026-09-10T03:51:05.447415711Z","Netty: HttpContentDecompressor maxAllocation bypass when Content-Encoding set to br/zstd/snappy leads to decompression bomb DoS","HIGH","io.netty:netty-codec-http:4.1.110.Final; io.netty:netty-codec-http:4.1.93.Final; io.netty:netty-codec-http2:4.1.110.Final; io.netty:netty-codec-http2:4.1.93.Final","","Version-range match; investigate build/test reachability and qualify parent update (WP0a); no exploit demonstrated","https://github.com/netty/netty/security/advisories/GHSA-f6hv-jmp6-3vwv","2026-09-25","OSV record retrieved; primary-source family review in report; not per-advisory exploit verification"
"GHSA-fccg-mwvh-qqg4","CVE-2026-75596","9/8/2026 6:14:56 PM","2026-09-08T18:27:48.113951573Z","Netty: Fragmented ClientHello records trigger quadratic pre-handshake reassembly in default SNI parsing","MODERATE","io.netty:netty-handler:4.1.110.Final; io.netty:netty-handler:4.1.93.Final","","Version-range match; investigate build/test reachability and qualify parent update (WP0a); no exploit demonstrated","https://github.com/netty/netty/security/advisories/GHSA-fccg-mwvh-qqg4","2026-09-25","OSV record retrieved; primary-source family review in report; not per-advisory exploit verification"
"GHSA-fghv-69vj-qj49","CVE-2025-58056","9/4/2025 5:35:20 PM","2026-09-10T03:50:28.333050757Z","Netty vulnerable to request smuggling due to incorrect parsing of chunk extensions","LOW","io.netty:netty-codec-http:4.1.110.Final; io.netty:netty-codec-http:4.1.93.Final","","Version-range match; investigate build/test reachability and qualify parent update (WP0a); no exploit demonstrated","https://github.com/netty/netty/security/advisories/GHSA-fghv-69vj-qj49","2026-09-25","OSV record retrieved; primary-source family review in report; not per-advisory exploit verification"
"GHSA-gcjf-9mgh-3p7g","CVE-2026-59921","7/22/2026 9:52:55 PM","2026-09-10T03:50:52.172506654Z","Netty: CRLF Injection via Multipart Filename in Netty HttpPostRequestEncoder","MODERATE","io.netty:netty-codec-http:4.1.110.Final; io.netty:netty-codec-http:4.1.93.Final","","Version-range match; investigate build/test reachability and qualify parent update (WP0a); no exploit demonstrated","https://github.com/netty/netty/security/advisories/GHSA-gcjf-9mgh-3p7g","2026-09-25","OSV record retrieved; primary-source family review in report; not per-advisory exploit verification"
"GHSA-hvcg-qmg6-jm4c","CVE-2026-50020","6/15/2026 8:46:36 PM","2026-09-10T03:50:50.025404342Z","Netty: HttpObjectDecoder skips arbitrary initial control characters when only initial CRLF characters are permitted","MODERATE","io.netty:netty-codec-http:4.1.110.Final; io.netty:netty-codec-http:4.1.93.Final","","Version-range match; investigate build/test reachability and qualify parent update (WP0a); no exploit demonstrated","https://github.com/netty/netty/security/advisories/GHSA-hvcg-qmg6-jm4c","2026-09-25","OSV record retrieved; primary-source family review in report; not per-advisory exploit verification"
"GHSA-jppx-w49h-x2qq","CVE-2026-56745","7/22/2026 9:32:24 PM","2026-09-10T03:50:12.368445504Z","Netty: [SpdyHttpDecoder] ByteBuf Reference Leak on RST_STREAM Leads to Native Memory Exhaustion","HIGH","io.netty:netty-codec-http:4.1.110.Final; io.netty:netty-codec-http:4.1.93.Final","","Version-range match; investigate build/test reachability and qualify parent update (WP0a); no exploit demonstrated","https://github.com/netty/netty/security/advisories/GHSA-jppx-w49h-x2qq","2026-09-25","OSV record retrieved; primary-source family review in report; not per-advisory exploit verification"
"GHSA-m4cv-j2px-7723","CVE-2026-42580","5/7/2026 12:13:05 AM","2026-09-10T03:51:06.379210477Z","Netty vulnerable to HTTP Request Smuggling due to incorrect chunk size parsing","MODERATE","io.netty:netty-codec-http:4.1.110.Final; io.netty:netty-codec-http:4.1.93.Final","","Version-range match; investigate build/test reachability and qualify parent update (WP0a); no exploit demonstrated","https://github.com/netty/netty/security/advisories/GHSA-m4cv-j2px-7723","2026-09-25","OSV record retrieved; primary-source family review in report; not per-advisory exploit verification"
"GHSA-mj4r-2hfc-f8p6","CVE-2026-42583","5/7/2026 12:20:35 AM","2026-09-10T03:51:06.526589004Z","Netty Lz4FrameDecoder is vulnerable to resource exhaustion ","HIGH","io.netty:netty-codec:4.1.110.Final; io.netty:netty-codec:4.1.93.Final","","Version-range match; investigate build/test reachability and qualify parent update (WP0a); no exploit demonstrated","https://github.com/netty/netty/security/advisories/GHSA-mj4r-2hfc-f8p6","2026-09-25","OSV record retrieved; primary-source family review in report; not per-advisory exploit verification"
"GHSA-mvh2-crg5-v77c","CVE-2026-55833","7/22/2026 9:23:05 PM","2026-09-10T03:50:52.830435122Z","Netty SPDY zlib header block continues decoded expansion after maxHeaderSize truncation","HIGH","io.netty:netty-codec-http:4.1.110.Final; io.netty:netty-codec-http:4.1.93.Final","","Version-range match; investigate build/test reachability and qualify parent update (WP0a); no exploit demonstrated","https://github.com/netty/netty/security/advisories/GHSA-mvh2-crg5-v77c","2026-09-25","OSV record retrieved; primary-source family review in report; not per-advisory exploit verification"
"GHSA-prj3-ccx8-p6x4","CVE-2025-55163","8/13/2025 7:06:56 PM","2026-09-10T03:50:27.396257754Z","Netty affected by MadeYouReset HTTP/2 DDoS vulnerability","HIGH","io.netty:netty-codec-http2:4.1.110.Final; io.netty:netty-codec-http2:4.1.93.Final","","Version-range match; investigate build/test reachability and qualify parent update (WP0a); no exploit demonstrated","https://github.com/netty/netty/security/advisories/GHSA-prj3-ccx8-p6x4","2026-09-25","OSV record retrieved; primary-source family review in report; not per-advisory exploit verification"
"GHSA-pwqr-wmgm-9rr8","CVE-2026-33870","3/26/2026 6:48:55 PM","2026-09-10T03:50:40.493461444Z","Netty: HTTP Request Smuggling via Chunked Extension Quoted-String Parsing","HIGH","io.netty:netty-codec-http:4.1.110.Final; io.netty:netty-codec-http:4.1.93.Final","","Version-range match; investigate build/test reachability and qualify parent update (WP0a); no exploit demonstrated","https://github.com/netty/netty/security/advisories/GHSA-pwqr-wmgm-9rr8","2026-09-25","OSV record retrieved; primary-source family review in report; not per-advisory exploit verification"
"GHSA-q4f6-jm68-57ww","CVE-2026-59899","7/22/2026 9:49:13 PM","2026-09-10T03:50:52.883743437Z","Netty: [HttpContentEncoder] Unbounded Per-Connection Queue Growth via HTTP/1.1 Pipelining Leads to Denial of Service","MODERATE","io.netty:netty-codec-http:4.1.110.Final; io.netty:netty-codec-http:4.1.93.Final","","Version-range match; investigate build/test reachability and qualify parent update (WP0a); no exploit demonstrated","https://github.com/netty/netty/security/advisories/GHSA-q4f6-jm68-57ww","2026-09-25","OSV record retrieved; primary-source family review in report; not per-advisory exploit verification"
"GHSA-qp49-qgx5-5m26","CVE-2026-13506","8/3/2026 6:31:44 AM","2026-09-18T17:45:06.096277818Z","Bouncy Castle: Lazy ASN.1 sequence forcing resets nesting-depth guard","HIGH","org.bouncycastle:bcprov-jdk18on:1.78.1; org.bouncycastle:bcprov-jdk18on:1.79","org.bouncycastle:bcprov-jdk18on:1.78.1","Update through WP5a; direct source uses Argon2 only; affected GOST/LDAP/PKIX/ASN.1 paths not identified; transitive/R8 reachability remains open","https://github.com/bcgit/bc-java/commit/77454da9b3dcaaa2991412d1c3c1a6e1a338ff84; https://github.com/bcgit/bc-java/wiki/CVE-2026-13506","2026-09-25","OSV record retrieved; primary-source family review in report; not per-advisory exploit verification"
"GHSA-r937-wjx7-w2jp","CVE-2026-53914","6/26/2026 3:32:13 PM","8/12/2026 7:40:59 PM","JetBrains Kotlin: Unsafe Deserialization in Kotlin Build Cache Enables Code Execution","MODERATE","org.jetbrains.kotlin:kotlin-gradle-plugin:2.1.0","","Investigate WP3/WP0a: maintainer patch is KAPT cache; project uses KSP and no KAPT plugin/config found; do not call 2.3.21 a fixed version; validate task graph/cache trust before disposition","https://github.com/JetBrains/kotlin/commit/bf51df665b458fda7c3eaf436c4d88dc119d7ec6","2026-09-25","OSV record retrieved; primary-source family review in report; not per-advisory exploit verification"
"GHSA-v8h7-rr48-vmmv","CVE-2026-41417","5/5/2026 6:27:35 PM","2026-09-10T03:50:47.637727522Z","Netty: Start-Line Injection in DefaultHttpRequest.setUri() Allows HTTP Request Smuggling and RTSP Request Injection","MODERATE","io.netty:netty-codec-http:4.1.110.Final; io.netty:netty-codec-http:4.1.93.Final","","Version-range match; investigate build/test reachability and qualify parent update (WP0a); no exploit demonstrated","https://github.com/netty/netty/security/advisories/GHSA-v8h7-rr48-vmmv","2026-09-25","OSV record retrieved; primary-source family review in report; not per-advisory exploit verification"
"GHSA-w9fj-cfpg-grvv","CVE-2026-33871","3/26/2026 6:49:21 PM","2026-09-10T03:50:41.535305906Z","Netty HTTP/2 CONTINUATION Frame Flood DoS via Zero-Byte Frame Bypass","HIGH","io.netty:netty-codec-http2:4.1.110.Final; io.netty:netty-codec-http2:4.1.93.Final","","Version-range match; investigate build/test reachability and qualify parent update (WP0a); no exploit demonstrated","https://github.com/netty/netty/security/advisories/GHSA-w9fj-cfpg-grvv","2026-09-25","OSV record retrieved; primary-source family review in report; not per-advisory exploit verification"
"GHSA-wg6q-6289-32hp","CVE-2026-5588","4/15/2026 6:31:54 PM","2026-09-10T03:50:45.075900186Z","Bouncy Castle Crypto Package For Java: Use of a Broken or Risky Cryptographic Algorithm vulnerability in bcpkix modules","MODERATE","org.bouncycastle:bcpkix-jdk18on:1.79","","Version-range match; investigate build/test reachability and qualify parent update (WP0a); no exploit demonstrated","https://github.com/bcgit/bc-java/commit/656bae0dbd9b1521f840521ff786e78749fe3057; https://github.com/bcgit/bc-java/wiki/CVE%E2%80%902026%E2%80%905588","2026-09-25","OSV record retrieved; primary-source family review in report; not per-advisory exploit verification"
"GHSA-x4gw-5cx5-pgmh","CVE-2026-45416","6/8/2026 11:01:04 PM","2026-09-10T03:50:12.401611631Z","Netty: SNI handler pre-allocates up to 16 MiB from nine attacker bytes","HIGH","io.netty:netty-handler:4.1.110.Final; io.netty:netty-handler:4.1.93.Final","","Version-range match; investigate build/test reachability and qualify parent update (WP0a); no exploit demonstrated","https://github.com/netty/netty/security/advisories/GHSA-x4gw-5cx5-pgmh","2026-09-25","OSV record retrieved; primary-source family review in report; not per-advisory exploit verification"
"GHSA-xpw8-rcwv-8f8p","","10/10/2023 10:22:54 PM","2026-09-10T03:49:58.760787330Z","io.netty:netty-codec-http2 vulnerable to HTTP/2 Rapid Reset Attack","HIGH","io.netty:netty-codec-http2:4.1.93.Final","","Version-range match; investigate build/test reachability and qualify parent update (WP0a); no exploit demonstrated","https://github.com/netty/netty/security/advisories/GHSA-xpw8-rcwv-8f8p","2026-09-25","OSV record retrieved; primary-source family review in report; not per-advisory exploit verification"
"GHSA-xq3w-v528-46rv","CVE-2024-47535","11/12/2024 7:53:17 PM","2026-09-10T03:50:56.073045057Z","Denial of Service attack on windows app using netty","MODERATE","io.netty:netty-common:4.1.110.Final; io.netty:netty-common:4.1.93.Final","","Version-range match; investigate build/test reachability and qualify parent update (WP0a); no exploit demonstrated","https://github.com/netty/netty/security/advisories/GHSA-xq3w-v528-46rv","2026-09-25","OSV record retrieved; primary-source family review in report; not per-advisory exploit verification"
"GHSA-xxqh-mfjm-7mv9","CVE-2026-42581","5/7/2026 12:18:41 AM","2026-09-10T03:51:07.381332705Z","Netty HTTP/1.0 TE+CL Coexistence Bypasses Smuggling Sanitization","MODERATE","io.netty:netty-codec-http:4.1.110.Final; io.netty:netty-codec-http:4.1.93.Final","","Version-range match; investigate build/test reachability and qualify parent update (WP0a); no exploit demonstrated","https://github.com/netty/netty/security/advisories/GHSA-xxqh-mfjm-7mv9","2026-09-25","OSV record retrieved; primary-source family review in report; not per-advisory exploit verification"
