"group","artifact","version","filename","type","classifier","bytes","sha256"
"androidx.activity","activity","1.9.3","activity-1.9.3.aar","aar",,"214105","7e45d2023dc17d715ffff3dc5792f798642c4ae11c948006b1752ab9edda5707"
"androidx.activity","activity-compose","1.9.3","activity-compose-1.9.3.aar","aar",,"1139788","0f5098a9e2b173a6c5a48f08251e7e949be12e6ee8b3a587b13b0830f1639297"
"androidx.activity","activity-ktx","1.9.3","activity-ktx-1.9.3.aar","aar",,"2130","e2da34f68cac557986280198e5c1546b8a245269b050b1cc90b56916dbf69201"
"androidx.annotation","annotation","1.3.0","annotation-1.3.0.jar","jar",,"31705","97dc45afefe3a1e421da42b8b6e9f90491477c45fc6178203e3a5e8a05ee8553"
"androidx.annotation","annotation-experimental","1.4.1","annotation-experimental-1.4.1.aar","aar",,"39841","6bd4c7c7476f8260cd3bdbb81183583e93fc9f790c27dea7dc314181cbf87aa0"
"androidx.annotation","annotation-jvm","1.8.1","annotation-jvm-1.8.1.jar","jar",,"56126","9aab326d9492800991854360ac248f493ce7f7c3183519309b78ace9e240f6f6"
"androidx.appcompat","appcompat","1.2.0","appcompat-1.2.0.aar","aar",,"1109871","3d2131a55a61a777322e2126e0018011efa6339e53b44153eb651b16020cca70"
"androidx.appcompat","appcompat-resources","1.2.0","appcompat-resources-1.2.0.aar","aar",,"62834","c470297c03ff3de1c3d15dacf0be0cae63abc10b52f021dd07ae28daa3100fe5"
"androidx.arch.core","core-common","2.2.0","core-common-2.2.0.jar","jar",,"11657","65308a06b1c00ee186cb9e19321383f043b993813f1522c47f4a3e3303bdba41"
"androidx.arch.core","core-runtime","2.2.0","core-runtime-2.2.0.aar","aar",,"7577","a1be5e0caa2b07623862af6ae21b3ab0718123245184d0e30dea81b53f990a47"
"androidx.autofill","autofill","1.0.0","autofill-1.0.0.aar","aar",,"4280","c9468f56e05006ea151a426c54957cd0799b8b83a579d2846dd22061f33e5ecd"
"androidx.biometric","biometric","1.1.0","biometric-1.1.0.aar","aar",,"194748","270c7b7d99942d5ec1dd88594e4648feb33d8e31d8c3c2ab2321d49d9abdfc1f"
"androidx.camera","camera-camera2","1.4.1","camera-camera2-1.4.1.aar","aar",,"488750","173253ed32c2f60e77081aab72e61dbcc4e767c9fe56cbb9b88f762b7725e99b"
"androidx.camera","camera-core","1.4.1","camera-core-1.4.1.aar","aar",,"938840","6c77068806cf259bbaa7ed955935bf2cd16dc103feb32f7ae3d55823fc9fcfc7"
"androidx.camera","camera-lifecycle","1.4.1","camera-lifecycle-1.4.1.aar","aar",,"38454","8324adb2c047905fffbd10a5bd978818157943619b91fcf410de94bd97b619a9"
"androidx.collection","collection-jvm","1.4.4","collection-jvm-1.4.4.jar","jar",,"789471","539a43428df8a337622fb781401f5f0cdcd52d8b3615f0085af51c90002ff333"
"androidx.collection","collection-ktx","1.4.4","collection-ktx-1.4.4.jar","jar",,"261","c6deada2fac53b8ea6523dbda77597b128006674616f140f04df23264c6d1aa3"
"androidx.compose.animation","animation-android","1.7.6","animation-release.aar","aar",,"1478224","01f349d54cf9ec41cd0adf5d8c2a869c2c245b8dbb6be5a57e7ebe3d68d31791"
"androidx.compose.animation","animation-core-android","1.7.6","animation-core-release.aar","aar",,"1473987","9722d4fccd4a9e95910baa16652563ba92a5829f9d6e09194850447e3cd9983a"
"androidx.compose.foundation","foundation-android","1.7.6","foundation-release.aar","aar",,"4843523","5ccb96bab040a70f7fdd577faaad75343261c006d42fcc5723a38f50a82f597c"
"androidx.compose.foundation","foundation-layout-android","1.7.6","foundation-layout-release.aar","aar",,"645951","296e14e2b37f7ba09e4185637f71409199bced21d5a070fe26f6dc6b26d588b6"
"androidx.compose.material","material-icons-core-android","1.7.6","material-icons-core-release.aar","aar",,"823515","48d182051236b1dfec829b33bf4d3fd06d03c2876d532208e3f7490159d65c46"
"androidx.compose.material","material-icons-extended-android","1.7.6","material-icons-extended-release.aar","aar",,"35721003","07e97e52f35d789ef475d9c687e5ca46cc54f9a0d4af8e1dca92ac25fb21450c"
"androidx.compose.material","material-ripple-android","1.7.6","material-ripple-release.aar","aar",,"96135","4f4b176d09191141e43023c85bb9f5a7de8f519efdd90c3d0a7dc953b3b2a8da"
"androidx.compose.material3","material3-android","1.3.1","material3-release.aar","aar",,"4965333","752473d4ea271f822858c313ec0d857ab05249021906f3005b30f2b1fcd0dcc0"
"androidx.compose.runtime","runtime-android","1.7.6","runtime-release.aar","aar",,"2415630","482942683274e1961727b2a76d68fe4ab4abb8145fd8b3146142144ce0b25311"
"androidx.compose.runtime","runtime-saveable-android","1.7.6","runtime-saveable-release.aar","aar",,"1116233","802c98303c250a91b89d6b703c3eab73bff6cd220a85fdd10e17ca126f954879"
"androidx.compose.ui","ui-android","1.7.6","ui-release.aar","aar",,"5031134","42df06e3390808c85256a7efd74d448da71cbc168b41497a30535045c926f5b0"
"androidx.compose.ui","ui-geometry-android","1.7.6","ui-geometry-release.aar","aar",,"40423","63eb3d049a8c819e3805d51ce15b9203249ce960ecfd53251126592047bc2ff0"
"androidx.compose.ui","ui-graphics-android","1.7.6","ui-graphics-release.aar","aar",,"1636819","00c96a2e54b03bc0b72b8fc4327bd2a75b689c689aa01295d870141eb9ddddd0"
"androidx.compose.ui","ui-test-android","1.7.6","ui-test-release.aar","aar",,"520980","14aa565f814243c88e2fba3dddeb75f45d558483e49709aae27aa8d41b569bc7"
"androidx.compose.ui","ui-test-junit4-android","1.7.6","ui-test-junit4-release.aar","aar",,"34907","dabad805dc934c57755aab07c659cbeb7af2eb6310b9944381f8e6339a024128"
"androidx.compose.ui","ui-test-manifest","1.7.6","ui-test-manifest-1.7.6.aar","aar",,"8622","95fcd7bcde2caead4ae9a88faeef2d75c80621f894d8aaa22632ad084ad693a0"
"androidx.compose.ui","ui-text-android","1.7.6","ui-text-release.aar","aar",,"839919","d2291842f1c3e8e70c4cb5c962c0754e463e023fef906f3437c209a096c09ec7"
"androidx.compose.ui","ui-tooling-preview-android","1.7.6","ui-tooling-preview-release.aar","aar",,"17210","800e929cead9d30f079f378eb51fb52cddea2c3575ee8a5442ec6dc8a4adaca1"
"androidx.compose.ui","ui-unit-android","1.7.6","ui-unit-release.aar","aar",,"90115","9ed6214fdd4da272b0b2582c428f8c3dce5ce6a186c47daaf9fc01aec226a199"
"androidx.compose.ui","ui-util-android","1.7.6","ui-util-release.aar","aar",,"15696","f74120949fd8f82fbfbcc3793246108f9554df0f51ecc7fb5d721ac971c4394a"
"androidx.concurrent","concurrent-futures","1.1.0","concurrent-futures-1.1.0.jar","jar",,"25987","0ce067c514a0d1049d1bebdf709e344ed3266fe9744275682937cdcb13334e9e"
"androidx.concurrent","concurrent-futures-ktx","1.1.0","concurrent-futures-ktx-1.1.0.jar","jar",,"5605","1968bf52039e38636aa6f114cd17d7256919d1e8997417716fef9d1da1f24d85"
"androidx.core","core","1.15.0","core-1.15.0.aar","aar",,"1336135","432b85a1974076e14b487ece4a28c59a84f1b9efc3fc8be72cd7f05d32055e51"
"androidx.core","core-ktx","1.15.0","core-ktx-1.15.0.aar","aar",,"175963","c72c97ff4a32308bcaf3061eea5ddf33455ce413cee4aa1d5c82440c5759d4bc"
"androidx.cursoradapter","cursoradapter","1.0.0","cursoradapter-1.0.0.aar","aar",,"10591","a81c8fe78815fa47df5b749deb52727ad11f9397da58b16017f4eb2c11e28564"
"androidx.customview","customview","1.0.0","customview-1.0.0.aar","aar",,"33238","20e5b8f6526a34595a604f56718da81167c0b40a7a94a57daa355663f2594df2"
"androidx.customview","customview-poolingcontainer","1.0.0","customview-poolingcontainer-1.0.0.aar","aar",,"6608","3584102fc49bf399c56e3b7be4bfe12000c46112320cd8cf85cc0a8f93f3e752"
"androidx.databinding","databinding-common","8.13.2","databinding-common-8.13.2.jar","jar",,"16827","66cab82639dac0f6c2433464c093b074d608c4bb887ec38a9b8bc4ac98126732"
"androidx.databinding","databinding-compiler-common","8.13.2","databinding-compiler-common-8.13.2.jar","jar",,"835607","a2c3fff0c39ac72c4c21c415017066c263efe170d8aeb9d339a3eca7c0d79f1e"
"androidx.drawerlayout","drawerlayout","1.0.0","drawerlayout-1.0.0.aar","aar",,"32470","9402442cdc5a43cf62fb14f8cf98c63342d4d9d9b805c8033c6cf7e802749ac1"
"androidx.emoji2","emoji2","1.3.0","emoji2-1.3.0.aar","aar",,"143474","2bf23818b23a996ddaa1b5fd5bb32129daff6bbb2dce15166e2fccdd2010b1a5"
"androidx.exifinterface","exifinterface","1.3.2","exifinterface-1.3.2.aar","aar",,"60708","8770c180103e0b8c04a07eb4c59153af639b09eca25deae9bdcdaf869d1e5b6b"
"androidx.fragment","fragment","1.5.1","fragment-1.5.1.aar","aar",,"336881","82b04780eda21b0a5eea02475415887a1cadfb368b371221aeb40703c067f338"
"androidx.graphics","graphics-path","1.0.1","graphics-path-1.0.1.aar","aar",,"39380","8ca4032b6d79b351f0b59ad4b580eddbb9423e1652f7c958830687f1eee2ec03"
"androidx.hilt","hilt-navigation","1.2.0","hilt-navigation-1.2.0.aar","aar",,"3832","8ba9e996e40c5c38bcfeacdb275286d3ab10fdf75aadda14d8842b78810ef0db"
"androidx.hilt","hilt-navigation-compose","1.2.0","hilt-navigation-compose-1.2.0.aar","aar",,"5401","e69abbb3f177893b57a596fdcc5ee1f4d7f2385241ac3765c3d7b9c50c9db84e"
"androidx.interpolator","interpolator","1.0.0","interpolator-1.0.0.aar","aar",,"7669","33193135a64fe21fa2c35eec6688f1a76e512606c0fc83dc1b689e37add7732a"
"androidx.lifecycle","lifecycle-common-java8","2.8.7","lifecycle-common-java8-2.8.7.jar","jar",,"261","c6deada2fac53b8ea6523dbda77597b128006674616f140f04df23264c6d1aa3"
"androidx.lifecycle","lifecycle-common-jvm","2.8.7","lifecycle-common-jvm-2.8.7.jar","jar",,"57238","61c873a7327c946ec033c310bb98f3f92eeabcede0e1a5200ab8a1896483c7bf"
"androidx.lifecycle","lifecycle-livedata","2.8.7","lifecycle-livedata-2.8.7.aar","aar",,"57494","703634525a67b1c6beaaab4f980dfa0bacdf7e143d0b5d51f5ac0d9404400290"
"androidx.lifecycle","lifecycle-livedata-core","2.8.7","lifecycle-livedata-core-2.8.7.aar","aar",,"32096","d786e5e6f79b8fab026f09a2d4ae3de1d72875f7645a6b7be48f1d9ab384734b"
"androidx.lifecycle","lifecycle-livedata-core-ktx","2.8.7","lifecycle-livedata-core-ktx-2.8.7.aar","aar",,"1349","b6e785e8532b155921310563a90fd262b5dacf6964aeea6cbbe412ac1da59460"
"androidx.lifecycle","lifecycle-process","2.8.7","lifecycle-process-2.8.7.aar","aar",,"15241","62e076a2de2d650a23bf79495419f8a4357ad8e9b28d801318d0fcdd6e35fa87"
"androidx.lifecycle","lifecycle-runtime-android","2.8.7","lifecycle-runtime-release.aar","aar",,"82180","b8eb997dd434d70eb97cbd6d1395b6337c6771717c7acd59f11c0853f3860284"
"androidx.lifecycle","lifecycle-runtime-compose-android","2.8.7","lifecycle-runtime-compose-release.aar","aar",,"58286","80bf0a8fe9a79b93a318832bc36900f3ab8bd5931ff9ca0ecd3087100e1f07d8"
"androidx.lifecycle","lifecycle-runtime-ktx-android","2.8.7","lifecycle-runtime-ktx-release.aar","aar",,"1333","b3d39c5dba5e207ef4c79d491a76500194c5ea6874157f05a15f01792c0cc4e7"
"androidx.lifecycle","lifecycle-viewmodel","2.8.7","lifecycle-viewmodel-2.8.7.aar","aar",,"292","43d28a6c6da9c1cb72bfb5cc1b511a7937b2db8b79d52f37d0b7f14c79b090dd"
"androidx.lifecycle","lifecycle-viewmodel-android","2.8.7","lifecycle-viewmodel-release.aar","aar",,"57286","e7e7043f66b077637563ff564a7fc6cee461d284a0f2485c050a2143abbd8920"
"androidx.lifecycle","lifecycle-viewmodel-compose-android","2.8.7","lifecycle-viewmodel-compose-release.aar","aar",,"22569","072532de580b03628c212388c9ce2ff066731f28031fb75ebd8505446455e5d1"
"androidx.lifecycle","lifecycle-viewmodel-ktx","2.8.7","lifecycle-viewmodel-ktx-2.8.7.aar","aar",,"1343","1acebb50df2f0c07f379d5e23a28f7794f70efb2b6c834acebe8c394784ee6d4"
"androidx.lifecycle","lifecycle-viewmodel-savedstate","2.8.7","lifecycle-viewmodel-savedstate-2.8.7.aar","aar",,"37817","646f2a42d2884b02308fb19837089e2669835fe21ca6a5b60666d5eb94d081dd"
"androidx.loader","loader","1.0.0","loader-1.0.0.aar","aar",,"33445","11f735cb3b55c458d470bed9e25254375b518b4b1bad6926783a7026db0f5025"
"androidx.navigation","navigation-common","2.5.1","navigation-common-2.5.1.aar","aar",,"155950","6960a8e09e0b2fcc5f7f0d1a3299f938faad18ab4656506038e27527d04eb08a"
"androidx.navigation","navigation-common-ktx","2.5.1","navigation-common-ktx-2.5.1.aar","aar",,"1771","f746fe4cb8ee2370d2be7f503233dfd1948f5fedfe7be7c6c50c373aefdf1b51"
"androidx.navigation","navigation-compose","2.5.1","navigation-compose-2.5.1.aar","aar",,"1095739","68cea6d18d1ef1b7cbfcf636e4b783d76c857eb3b0746396aeb0e0d678c90b30"
"androidx.navigation","navigation-runtime","2.5.1","navigation-runtime-2.5.1.aar","aar",,"121098","3e8171b96e3edf0b3c4796d280ee94bf3ebd64aeec07123b158c7964cb945c1c"
"androidx.navigation","navigation-runtime-ktx","2.5.1","navigation-runtime-ktx-2.5.1.aar","aar",,"1770","e71d6c9fa81e244acd55df7e3e16ac4ea15aecafd30e80e645d72f5feff93591"
"androidx.profileinstaller","profileinstaller","1.3.1","profileinstaller-1.3.1.aar","aar",,"47619","d0e402ec31f24028a1dc7eb6a0a3f9d9635c1459392cd734396343b73d673948"
"androidx.room","room-common","2.6.1","room-common-2.6.1.jar","jar",,"61456","99326d3eeca4a64671bc8802f1e45f4e6b348e8c7faba230c3854d316809ffcf"
"androidx.room","room-compiler","2.6.1","room-compiler-2.6.1.jar","jar",,"5315997","2c103c27918e90b5b436d00f2024b057ab78af4325892e7bab78e7c6f8eed67c"
"androidx.room","room-compiler-processing","2.6.1","room-compiler-processing-2.6.1.jar","jar",,"2417554","6ce5f6c1aac61fc44595030cbf9e1c89cc29a29ea764472b4e4a49d272f0a7cd"
"androidx.room","room-ktx","2.6.1","room-ktx-2.6.1.aar","aar",,"39256","da4c0cba7efcafa29fbeab1db41984238f25c1a33612c1d60d63b995968d70ca"
"androidx.room","room-migration","2.6.1","room-migration-2.6.1.jar","jar",,"44029","0dd380522b6d55ab23902de873effc356e9a8e4fb8bd94dde963222d420a89b9"
"androidx.room","room-runtime","2.6.1","room-runtime-2.6.1.aar","aar",,"242741","69624fd7add6ce5bfcc12362cd427341d2910e277ed5a6fcc46132a4899114d0"
"androidx.savedstate","savedstate","1.2.1","savedstate-1.2.1.aar","aar",,"20217","21a7d4bcf6bdb94ad7b9283801529300b4fbb8808ca4f191e0cdce6fd8e4705a"
"androidx.savedstate","savedstate-ktx","1.2.1","savedstate-ktx-1.2.1.aar","aar",,"3375","8553f87e7136c24ec5243560f48f1c32cba56daa77722f89589a5cafcb8f7894"
"androidx.security","security-crypto","1.1.0-alpha06","security-crypto-1.1.0-alpha06.aar","aar",,"32306","976111170b3f13d2f0f9457d9f9f579347143cb65c054265906d33c7618a4c2a"
"androidx.sqlite","sqlite","2.4.0","sqlite-2.4.0.aar","aar",,"30233","bb7fa113112f7e4857496e222e3051d73a910add74bf40761e1bdae55b0216af"
"androidx.sqlite","sqlite-framework","2.4.0","sqlite-framework-2.4.0.aar","aar",,"32688","ca6e503322b2e60374c2b36c95c50b16709d9388fe36e80fb23de1fbf7a6eb95"
"androidx.sqlite","sqlite-ktx","2.4.0","sqlite-ktx-2.4.0.aar","aar",,"3659","243f550b06e7573619912611eee6fa7ad6ab03740e17854529053278d5daa7b4"
"androidx.startup","startup-runtime","1.1.1","startup-runtime-1.1.1.aar","aar",,"19371","e0a6329a371262fe4c450372b70fdaf33b769ef6917094723787cfce896b1dd3"
"androidx.test","annotation","1.0.1","annotation-1.0.1.aar","aar",,"1503","c0754928effe1968c3a9a7b55d1dfc7ceb1e1e7c9f3f09f98afd42431f712492"
"androidx.test","core","1.6.1","core-1.6.1.aar","aar",,"89304","7a7af31c21785ddb7c4319c838847e6d4d9b5bb531f3a951481ec3b98780bf51"
"androidx.test","core-ktx","1.6.1","core-ktx-1.6.1.aar","aar",,"2462","6386eced4d9ad0bc6e876ebca9143b7f0df51a10a5069ef13eded8e9ccab0680"
"androidx.test","monitor","1.7.2","monitor-1.7.2.aar","aar",,"102970","868cc120d10d024b886fa157e1e1eaee0e6a8e5d55e7f765ef41d8fc0fea775b"
"androidx.test","runner","1.6.2","runner-1.6.2.aar","aar",,"284526","d8eac6d9864f432b15962b2c2739a7b31685c87777364ac97323c9e4b2c94744"
"androidx.test.espresso","espresso-core","3.5.0","espresso-core-3.5.0.aar","aar",,"633902","34b0493f4e002f205d961e562add0c0c31bb0acc657e89d89d4b188ac13f242c"
"androidx.test.espresso","espresso-idling-resource","3.5.0","espresso-idling-resource-3.5.0.aar","aar",,"5186","84fb8e2f5eda937771bee28582f5d2cfa61b0e9438d02041ca61b81e3dac3c87"
"androidx.test.ext","junit","1.2.1","junit-1.2.1.aar","aar",,"10323","7b146a73c545b983430d2fae0081df67c76722c19a9abd2904e131696a8c5b20"
"androidx.test.services","storage","1.5.0","storage-1.5.0.aar","aar",,"16924","d59621845cff5ff5e8a6906445ef1b2d83624d796cbfad9a52e86a3ab42f8c48"
"androidx.test.uiautomator","uiautomator","2.3.0","uiautomator-2.3.0.aar","aar",,"130139","884c675c336b663f53a1d0de440642ee80d2bdf9d0049abdae2a3ecd5e6320fc"
"androidx.tracing","tracing","1.2.0","tracing-1.2.0.aar","aar",,"6060","6faa90390d1fdbf0adb9a99bf99de67b94c6c6f35aea9510593a9d17973736a2"
"androidx.tracing","tracing-ktx","1.2.0","tracing-ktx-1.2.0.aar","aar",,"6007","c33f9cbd931e6190ca38aa09bf8a7a8a19391d4b0fb7a7605a6b59f2d42580d1"
"androidx.vectordrawable","vectordrawable","1.1.0","vectordrawable-1.1.0.aar","aar",,"33236","46fd633ac01b49b7fcabc263bf098c5a8b9e9a69774d234edcca04fb02df8e26"
"androidx.vectordrawable","vectordrawable-animated","1.1.0","vectordrawable-animated-1.1.0.aar","aar",,"34496","76da2c502371d9c38054df5e2b248d00da87809ed058f3363eae87ce5e2403f8"
"androidx.versionedparcelable","versionedparcelable","1.1.1","versionedparcelable-1.1.1.aar","aar",,"31061","57e8d93260d18d5b9007c9eed3c64ad159de90c8609ebfc74a347cbd514535a4"
"androidx.viewpager","viewpager","1.0.0","viewpager-1.0.0.aar","aar",,"53513","147af4e14a1984010d8f155e5e19d781f03c1d70dfed02a8e0d18428b8fc8682"
"com.android","signflinger","8.13.2","signflinger-8.13.2.jar","jar",,"15339","c1dca2c683634ee1a294298f9c7179578af6a86e080bdc40f961915bc5c8142f"
"com.android","zipflinger","8.13.2","zipflinger-8.13.2.jar","jar",,"66972","07060069c35e469d7c343abc15f1d6362bc1356b81bf462539db88a53ed653f1"
"com.android.databinding","baseLibrary","8.13.2","baseLibrary-8.13.2.jar","jar",,"16749","794113709dab21b06c262b3795e73cb708fbacae61715f34361e1af6237a1870"
"com.android.tools","annotations","31.13.2","annotations-31.13.2.jar","jar",,"10680","3b4bb9620c17d19e5bd91ac1988080553573b4c3b739fdd92416f42f2daf3e78"
"com.android.tools","common","31.13.2","common-31.13.2.jar","jar",,"592259","d4ebe1711de0cf509c4d562245624ba21ab147944bcdde6351bfb6e8daccf826"
"com.android.tools","dvlib","31.13.2","dvlib-31.13.2.jar","jar",,"61018","e3cf3fdc947788dee8d5baa76cb72a66571174bc4741edf0e3bab97a7ca90e1b"
"com.android.tools","repository","31.13.2","repository-31.13.2.jar","jar",,"268330","e9509b30d088e899948f8cb0d73293c1efd2e1f121fccbbe25d533b648b93fa1"
"com.android.tools","sdk-common","31.13.2","sdk-common-31.13.2.jar","jar",,"1759628","8cfdf99d6f17689e7dd3bcf1834d734f6dd1c64d8c43904632c65d5469565934"
"com.android.tools","sdklib","31.13.2","sdklib-31.13.2.jar","jar",,"1738301","def9b0e7f44e54add385cac1715483724f827f166511ebc0c10319742aa80865"
"com.android.tools.analytics-library","crash","31.13.2","crash-31.13.2.jar","jar",,"14889","cca97ac29a1329bd310a3e832b6e57f46227e501aa529c00a63df217c5d7df41"
"com.android.tools.analytics-library","protos","31.13.2","protos-31.13.2.jar","jar",,"9027320","b2ded20a897fba9649efeb18ba2fc062ee39e500d4eb712045cb0e34b43b5efb"
"com.android.tools.analytics-library","shared","31.13.2","shared-31.13.2.jar","jar",,"128715","75435816f202b7a3c84d9caf312a895625a244991f8fc52d0446239e3ae29a9c"
"com.android.tools.analytics-library","tracker","31.13.2","tracker-31.13.2.jar","jar",,"43077","1b66514bf29152422ee8a19b98e0200d92eb0a3d28048eb4857564e9a1c7b85b"
"com.android.tools.build","aapt2-proto","8.13.2-14304508","aapt2-proto-8.13.2-14304508.jar","jar",,"721157","a6cda82d508ec3b325a9e37f78f9fa84556ff340cf43bb23c627b0f39e746f0e"
"com.android.tools.build","aaptcompiler","8.13.2","aaptcompiler-8.13.2.jar","jar",,"496328","f6f6706d3b7a261e242820da5c855123d3c23738159ca3726e0c34e482b80770"
"com.android.tools.build","apksig","8.13.2","apksig-8.13.2.jar","jar",,"506969","c070ed1394629d74641aa0906f60b2ffa1ee77e6366a1f93437f59717b1aeb89"
"com.android.tools.build","apkzlib","8.13.2","apkzlib-8.13.2.jar","jar",,"210581","29091c9457252f997ddfeafb33dd65a373ad45840128f945832d8eafd9118561"
"com.android.tools.build","builder","8.13.2","builder-8.13.2.jar","jar",,"15823022","7d393f8553120c7d7a869cb33c4279aad9485986773f63af97af08ea2e1ff37a"
"com.android.tools.build","builder-model","8.13.2","builder-model-8.13.2.jar","jar",,"138198","ae5e95515ab348d34a35be83ed315c5fb7e8c0667e186f4e156c65dfaa2615fe"
"com.android.tools.build","builder-test-api","8.13.2","builder-test-api-8.13.2.jar","jar",,"15329","3cfed0baec2e7d0e64566f6808a00ef5e051ad76fc4fba9d464d11a3c2f986a9"
"com.android.tools.build","bundletool","1.18.1","bundletool-1.18.1.jar","jar",,"13356668","a73341a7945abcb0e6b8971c7b1b2801bd765006447ca0d2437a4260d572ceac"
"com.android.tools.build","gradle","8.13.2","gradle-8.13.2.jar","jar",,"13116808","e494f7ce75ca6c1abff301d4a70b18fdd3d6af855875f4f85082bb7608f041de"
"com.android.tools.build","gradle-api","8.13.2","gradle-api-8.13.2.jar","jar",,"392742","a8dcdc6f1338f7055f6b1bc265317e14d65833e6c7f72b2102c5568e1df4d792"
"com.android.tools.build","gradle-common-api","8.13.2","gradle-common-api-8.13.2.jar","jar",,"10974","fcde805fcd5739aed607a9cdc325316f422fa05a46e140a291d2f24eca3a59fe"
"com.android.tools.build","gradle-settings-api","8.13.2","gradle-settings-api-8.13.2.jar","jar",,"10057","370438bcf7782d8c5b407370365b047bf063f99a7745e1f5f1853183398d07a6"
"com.android.tools.build","manifest-merger","31.13.2","manifest-merger-31.13.2.jar","jar",,"266733","40d25f5940c2e50bf7e18e325f7fbb9c86cf45db5a85d1cef8ef985404227a1f"
"com.android.tools.build","transform-api","2.0.0-deprecated-use-gradle-api","transform-api-2.0.0-deprecated-use-gradle-api.jar","jar",,"261","4de4a3d05e1c534c2db9e4588bf34082bb2bd232d8abb9727c430290ce225740"
"com.android.tools.build.jetifier","jetifier-core","1.0.0-beta10","jetifier-core-1.0.0-beta10.jar","jar",,"128988","26abb4a13927d9062169c504c9e94fe80e9ae3a4f7b5ab8875ab007536a91f5e"
"com.android.tools.build.jetifier","jetifier-processor","1.0.0-beta10","jetifier-processor-1.0.0-beta10.jar","jar",,"175068","c5067a7b928237a1271a5e9cb5710e9f80b4973293945bc51e3a4c864ea4bfed"
"com.android.tools.ddms","ddmlib","31.13.2","ddmlib-31.13.2.jar","jar",,"685465","839957f961100713ea0eed628a8684cc39aa479631c36249793e6df7e0cd63d8"
"com.android.tools.emulator","proto","31.13.2","proto-31.13.2.jar","jar",,"1536228","b77f81cc0751d79393ec4b2eb046f910d21abcd7608b5b0f5a1efea1b3243b48"
"com.android.tools.layoutlib","layoutlib-api","31.13.2","layoutlib-api-31.13.2.jar","jar",,"122828","d06bc650247632a4a4e6596b87312019f45e900267c5476c47a5bfa6e3fd3132"
"com.android.tools.lint","lint-model","31.13.2","lint-model-31.13.2.jar","jar",,"177051","9ee55d8fd002736ed95ee97fb05f4df7ae01f4f976f738fbf37ecab795e59319"
"com.android.tools.lint","lint-typedef-remover","31.13.2","lint-typedef-remover-31.13.2.jar","jar",,"9553","4a3ba3babfd79e6fc67bcef647fb4ecfeaf59b481b108f7c2eba4d1c5c6dea8e"
"com.android.tools.utp","android-device-provider-ddmlib","31.13.2","android-device-provider-ddmlib-31.13.2.jar","jar",,"62204","b16ebfef5b63b03b803ead0a5e194ee34e0dd361c1e191557d998f01534744ff"
"com.android.tools.utp","android-device-provider-ddmlib-proto","31.13.2","android-device-provider-ddmlib-proto-31.13.2.jar","jar",,"19113","047aecdd66e106137f77a52c442f1b83db7d6e8496899800251f206c7f39de65"
"com.android.tools.utp","android-device-provider-profile","31.13.2","android-device-provider-profile-31.13.2.jar","jar",,"5980","9560c25859c9c15c77144cbb58370bad394882ecc3169fd5e589b7d4e52e866f"
"com.android.tools.utp","android-device-provider-profile-proto","31.13.2","android-device-provider-profile-proto-31.13.2.jar","jar",,"28629","3e7b098f6e3ecae31b6f7909c343b4ec09aa18d8a89f41bf92077ba4b056f453"
"com.android.tools.utp","android-test-plugin-host-additional-test-output","31.13.2","android-test-plugin-host-additional-test-output-31.13.2.jar","jar",,"29982","faae42a16cf76d7529b59b1b9a4dbf9cb1bedca58118eba824fddb8312dc7655"
"com.android.tools.utp","android-test-plugin-host-additional-test-output-proto","31.13.2","android-test-plugin-host-additional-test-output-proto-31.13.2.jar","jar",,"18464","6ba7e6ac2208d74c1bb5f1d1464abafc6a45d8710b20455a2dc02adf8726bc83"
"com.android.tools.utp","android-test-plugin-host-apk-installer","31.13.2","android-test-plugin-host-apk-installer-31.13.2.jar","jar",,"20415","949c6f65122129d3ecd59b0899860e8e24e9682cec1c008d1f11a5cc93366f64"
"com.android.tools.utp","android-test-plugin-host-apk-installer-proto","31.13.2","android-test-plugin-host-apk-installer-proto-31.13.2.jar","jar",,"52392","4f2b610542e91a35a396b04368a784036e42b8787021460550b9a3495bb8245b"
"com.android.tools.utp","android-test-plugin-host-coverage","31.13.2","android-test-plugin-host-coverage-31.13.2.jar","jar",,"17092","4993a95049e52c4d3147e9c4dfc696cc5a76af8303a4206bb60c2bfabc563ae9"
"com.android.tools.utp","android-test-plugin-host-coverage-proto","31.13.2","android-test-plugin-host-coverage-proto-31.13.2.jar","jar",,"23527","fa86719a3dc5de465f7e0c023184414c27f8fd53a34fd557289c0bf6df340244"
"com.android.tools.utp","android-test-plugin-host-device-info","31.13.2","android-test-plugin-host-device-info-31.13.2.jar","jar",,"10554","a53b9f764d80bed29e0f2e0ee62576dc09b87386608bb62ef1453d032f976968"
"com.android.tools.utp","android-test-plugin-host-device-info-proto","31.13.2","android-test-plugin-host-device-info-proto-31.13.2.jar","jar",,"20316","9683ac7648a7a41be9a1349f6981592944f627164898c3c8925a0beede8bb8bb"
"com.android.tools.utp","android-test-plugin-host-emulator-control","31.13.2","android-test-plugin-host-emulator-control-31.13.2.jar","jar",,"22477","73022c2a2779eeacfbfce67dda7cfbb21e3b3cf5610a54e35fc30d8fcc860930"
"com.android.tools.utp","android-test-plugin-host-emulator-control-proto","31.13.2","android-test-plugin-host-emulator-control-proto-31.13.2.jar","jar",,"23051","a4f34aae0f9ffa026dbf7151436dd7ae53becb72622b40f2c479cac8943d9319"
"com.android.tools.utp","android-test-plugin-host-logcat","31.13.2","android-test-plugin-host-logcat-31.13.2.jar","jar",,"17604","f559b7c544e29ac3547339805c5e98d938e2a2764691d74ebabeb36e1fca0fba"
"com.android.tools.utp","android-test-plugin-host-logcat-proto","31.13.2","android-test-plugin-host-logcat-proto-31.13.2.jar","jar",,"13445","c1f6ebbacdad559b6efe4eaa29561552b33156395f069cd9703fda09c462dea6"
"com.android.tools.utp","android-test-plugin-result-listener-gradle","31.13.2","android-test-plugin-result-listener-gradle-31.13.2.jar","jar",,"11961","f5ed39ecda77684730b2616d112d69f92f509e3d6c38828abc6a863ef77fe0e5"
"com.android.tools.utp","android-test-plugin-result-listener-gradle-proto","31.13.2","android-test-plugin-result-listener-gradle-proto-31.13.2.jar","jar",,"109814","d429b9312dffa0503381d1ee1b18a999bd901e7456612b2fb48c6a5d5a2caf88"
"com.android.tools.utp","utp-common","31.13.2","utp-common-31.13.2.jar","jar",,"2721","cde678a64b13041cdd2cc9dad1685990a1d090fb04ff5da2261ff75a83598106"
"com.github.jk1","gradle-license-report","2.9","gradle-license-report-2.9.jar","jar",,"602091","ebfd6da851654c53216eea9eda1485c12e0cd6de5a9919bf5da9735a021f32af"
"com.google.android","annotations","4.1.1.4","annotations-4.1.1.4.jar","jar",,"3120","ba734e1e84c09d615af6a09d33034b4f0442f8772dec120efb376d86a565ae15"
"com.google.api.grpc","proto-google-common-protos","2.17.0","proto-google-common-protos-2.17.0.jar","jar",,"1950990","4ef1fe0c327fc1521d1d753b0b1c4a875a54bd14ebded3afff0ca395320b6ea9"
"com.google.api.grpc","proto-google-common-protos","2.48.0","proto-google-common-protos-2.48.0.jar","jar",,"2691740","43ec7807459aaa4012e838a1be4ef2d590cf233305da60af5b54f08ec8cf2302"
"com.google.auto","auto-common","0.11","auto-common-0.11.jar","jar",,"102839","ec668cd50a3a66a5def17e6ae67423542e514181c0e9ab5b11959c0ac9c4222a"
"com.google.auto","auto-common","1.2.1","auto-common-1.2.1.jar","jar",,"111326","f43f29fe2a6ebaf04b2598cdeec32a4e346d49a9404e990f5fc19c19f3a28d0e"
"com.google.auto.service","auto-service","1.1.1","auto-service-1.1.1.jar","jar",,"12910","1f48f451503e623daba7d9ed368cca0f81e1e3815653a4560113e12c0129ebd5"
"com.google.auto.service","auto-service-annotations","1.1.1","auto-service-annotations-1.1.1.jar","jar",,"3172","16a76dd00a2650568447f5d6e3a9e2c809d9a42367d56b45215cfb89731f4d24"
"com.google.auto.value","auto-value-annotations","1.6.2","auto-value-annotations-1.6.2.jar","jar",,"5889","b48b04ddba40e8ac33bf036f06fc43995fc5084bd94bdaace807ce27d3bea3fb"
"com.google.auto.value","auto-value-annotations","1.6.3","auto-value-annotations-1.6.3.jar","jar",,"5906","0e951fee8c31f60270bc46553a8586001b7b93dbb12aec06373aa99a150392c0"
"com.google.code.findbugs","jsr305","3.0.2","jsr305-3.0.2.jar","jar",,"19936","766ad2a0783f2687962c8ad74ceecc38a28b9f72a2d085ee438b7813e928d0c7"
"com.google.code.gson","gson","2.10.1","gson-2.10.1.jar","jar",,"283367","4241c14a7727c34feea6507ec801318a3d4a90f070e4525681079fb94ee4c593"
"com.google.code.gson","gson","2.11.0","gson-2.11.0.jar","jar",,"298435","57928d6e5a6edeb2abd3770a8f95ba44dce45f3b23b7a9dc2b309c581552a78b"
"com.google.code.gson","gson","2.8.9","gson-2.8.9.jar","jar",,"258075","d3999291855de495c94c743761b8ab5176cfeabe281a5ab0d8e8d45326fd703e"
"com.google.code.gson","gson","2.9.0","gson-2.9.0.jar","jar",,"249277","c96d60551331a196dac54b745aa642cd078ef89b6f267146b705f2c2cbef052d"
"com.google.crypto.tink","tink","1.7.0","tink-1.7.0.jar","jar",,"1814861","88970a456a08ba4c66b01b23e5846ca1095cc14e54cb48363e5d2e15a1307308"
"com.google.crypto.tink","tink-android","1.8.0","tink-android-1.8.0.jar","jar",,"2318211","5efe8f1cb6e75814ae06793d5ff8d9b01e6f88ef97ecc062d14ebc27027dbf78"
"com.google.dagger","dagger","2.28.3","dagger-2.28.3.jar","jar",,"34413","f1dd23f8ae34a8e91366723991ead0d6499d1a3e9163ce550c200b02d76a872b"
"com.google.dagger","dagger","2.48","dagger-2.48.jar","jar",,"36930","1fa226d2b4a02cc80950fa4d49a4a235cc8eced499b581fc358a55446a83f579"
"com.google.dagger","dagger","2.56.2","dagger-2.56.2.jar","jar",,"48940","e016933f0cbd5fb9978739a4241f57e31525573db0d9b8aa9b7e72aadc54f33e"
"com.google.dagger","dagger-compiler","2.56.2","dagger-compiler-2.56.2.jar","jar",,"1713855","05054a73ea20041e3d6dc807bf7924f20f74fc68c64cc19bfc7f5fb9028bf68f"
"com.google.dagger","dagger-lint-aar","2.56.2","dagger-lint-aar-2.56.2.aar","aar",,"11099","9b841400f776c0ca8f424a5a4b630f45e265ed8e5d2abb3e4603d77cd0323994"
"com.google.dagger","dagger-spi","2.56.2","dagger-spi-2.56.2.jar","jar",,"2564473","14a7d83a113a07119adb65385f60d6f872b22aa4645b19fb5b18861fcab1a651"
"com.google.dagger","hilt-android","2.56.2","hilt-android-2.56.2.aar","aar",,"82940","df06e600034ac9de594b9bfc5a9f11f9e0fc220a14f69bb132b856784b406a30"
"com.google.dagger","hilt-android-compiler","2.56.2","hilt-android-compiler-2.56.2.jar","jar",,"433203","e78df490111eda8151131bccc52c2d115904b911c3dc631e69e33cb78ec62b9c"
"com.google.dagger","hilt-android-gradle-plugin","2.56.2","hilt-android-gradle-plugin-2.56.2.jar","jar",,"166094","e59e152382f30def03c6c7f371bd8343e1925f7702b1fe5f9b7f442b4436c286"
"com.google.dagger","hilt-core","2.56.2","hilt-core-2.56.2.jar","jar",,"17467","6bb34ddd568e5bcc8f26f14340d933f69bff6af80c54fff4522cdd599a252585"
"com.google.devtools.ksp","symbol-processing","2.1.0-1.0.29","symbol-processing-2.1.0-1.0.29.jar","jar",,"1113192","7150a9ccf4e6d7276802364be35d6a29c2abbac6477e79ae19ef0e5b61a8d27a"
"com.google.devtools.ksp","symbol-processing-api","2.1.0-1.0.29","symbol-processing-api-2.1.0-1.0.29.jar","jar",,"121689","35e126d0af791641dfbcb5102eed3744bc1f5b38ce70d6a7046e8f5bba6b998d"
"com.google.devtools.ksp","symbol-processing-api","2.1.10-1.0.31","symbol-processing-api-2.1.10-1.0.31.jar","jar",,"122422","3170c52186cb2096a47f538f09dd41e49ca1b3334d69ea83d6493d6f0365b7b4"
"com.google.devtools.ksp","symbol-processing-cmdline","2.1.0-1.0.29","symbol-processing-cmdline-2.1.0-1.0.29.jar","jar",,"1110164","34c4d5c1c78577e62a1a292d4438ae6bfbb230d1ab56164feccf23abdeb9a96a"
"com.google.devtools.ksp","symbol-processing-common-deps","2.1.0-1.0.29","symbol-processing-common-deps-2.1.0-1.0.29.jar","jar",,"109757","a74ff0e922fba5b27cd7ce49025c9ea4d73f824d2a3ac0c2697b39bc12da9b92"
"com.google.devtools.ksp","symbol-processing-gradle-plugin","2.1.0-1.0.29","symbol-processing-gradle-plugin-2.1.0-1.0.29.jar","jar",,"198014","d68d5a99bce275bafaeb108448b9ad473b1b062564b11f1ad65bd0b5b3942b92"
"com.google.errorprone","error_prone_annotations","2.23.0","error_prone_annotations-2.23.0.jar","jar",,"16829","ec6f39f068b6ff9ac323c68e28b9299f8c0a80ca512dccb1d4a70f40ac3ec054"
"com.google.errorprone","error_prone_annotations","2.28.0","error_prone_annotations-2.28.0.jar","jar",,"19370","f3fc8a3a0a4020706a373b00e7f57c2512dd26d1f83d28c7d38768f8682b231e"
"com.google.errorprone","error_prone_annotations","2.30.0","error_prone_annotations-2.30.0.jar","jar",,"19367","144f3aefbd6e27daec55d3753b2c6b13c1afdaf0cf04816cdb564588ed92f1bd"
"com.google.errorprone","javac-shaded","9-dev-r4023-3","javac-shaded-9-dev-r4023-3.jar","jar",,"2838187","65bfccf60986c47fbc17c9ebab0be626afc41741e0a6ec7109e0768817a36f30"
"com.google.flatbuffers","flatbuffers-java","1.12.0","flatbuffers-java-1.12.0.jar","jar",,"64873","3f8c088b4dd04a9858721f2e162508c94db0dd86f961e306ee63ef2eda871bf7"
"com.google.googlejavaformat","google-java-format","1.5","google-java-format-1.5.jar","jar",,"222910","aa19ad7850fb85178aa22f2fddb163b84d6ce4d0035872f30d4408195ca1144e"
"com.google.guava","failureaccess","1.0.1","failureaccess-1.0.1.jar","jar",,"4617","a171ee4c734dd2da837e4b16be9df4661afab72a41adaf31eb84dfdaf936ca26"
"com.google.guava","failureaccess","1.0.2","failureaccess-1.0.2.jar","jar",,"4740","8a8f81cf9b359e3f6dfa691a1e776985c061ef2f223c9b2c80753e1b458e8064"
"com.google.guava","guava","32.0.1-jre","guava-32.0.1-jre.jar","jar",,"3037368","bd7fa227591fb8509677d0d1122cf95158f3b8a9f45653f58281d879f6dc48c5"
"com.google.guava","guava","33.0.0-jre","guava-33.0.0-jre.jar","jar",,"3047503","f4d85c3e4d411694337cb873abea09b242b664bb013320be6105327c45991537"
"com.google.guava","guava","33.3.1-jre","guava-33.3.1-jre.jar","jar",,"3079289","4bf0e2c5af8e4525c96e8fde17a4f7307f97f8478f11c4c8e35a0e3298ae4e90"
"com.google.guava","listenablefuture","1.0","listenablefuture-1.0.jar","jar",,"3149","e4ad7607e5c0477c6f890ef26a49cb8d1bb4dffb650bab4502afee64644e3069"
"com.google.guava","listenablefuture","9999.0-empty-to-avoid-conflict-with-guava","listenablefuture-9999.0-empty-to-avoid-conflict-with-guava.jar","jar",,"2199","b372a037d4230aa57fbeffdef30fd6123f9c0c2db85d0aced00c91b974f33f99"
"com.google.j2objc","j2objc-annotations","2.8","j2objc-annotations-2.8.jar","jar",,"9301","f02a95fa1a5e95edb3ed859fd0fb7df709d121a35290eff8b74dce2ab7f4d6ed"
"com.google.j2objc","j2objc-annotations","3.0.0","j2objc-annotations-3.0.0.jar","jar",,"12467","88241573467ddca44ffd4d74aa04c2bbfd11bf7c17e0c342c94c9de7a70a7c64"
"com.google.jimfs","jimfs","1.1","jimfs-1.1.jar","jar",,"206691","c4828e28d7c0a930af9387510b3bada7daa5c04d7c25a75c7b8b081f1c257ddd"
"com.google.protobuf","protobuf-java","3.24.4","protobuf-java-3.24.4.jar","jar",,"1838876","e5655522be1aa5cc1f2f092aa036b0445157f294928eedf1332ac938c7b69686"
"com.google.protobuf","protobuf-java","3.25.5","protobuf-java-3.25.5.jar","jar",,"1875414","8540247fad9e06baefa8fb45eb313802d019f485f14300e0f9d6b556ed88e753"
"com.google.protobuf","protobuf-java-util","3.22.3","protobuf-java-util-3.22.3.jar","jar",,"72117","c615f76879dc5c303e4df5b94a6afa39534058c7545db2d483fd95d9f63c8bfe"
"com.google.protobuf","protobuf-java-util","3.24.4","protobuf-java-util-3.24.4.jar","jar",,"73057","133c929e2cfe3990a105d18eaccc49122b2d2fb492b420ef02d5d9f937eaebb8"
"com.google.protobuf","protobuf-java-util","3.25.5","protobuf-java-util-3.25.5.jar","jar",,"73140","dacc58b2c3d2fa8d4bddc1acb881e78d6cf7c137dd78bc1d67f6aca732436a8d"
"com.google.protobuf","protobuf-kotlin","3.24.4","protobuf-kotlin-3.24.4.jar","jar",,"418995","508ca13d97b50f5404eaa37eb4493cb07884162eb7971bf924d8f803d4c21bb4"
"com.google.testing.platform","android-device-provider-local","0.0.9-alpha03","android-device-provider-local-0.0.9-alpha03.jar","jar",,"473703","667a4d35bbba87d3c86f5180dfa521fdbd7a4ef5c60d949154b0301f3e232e1b"
"com.google.testing.platform","android-driver-instrumentation","0.0.9-alpha03","android-driver-instrumentation-0.0.9-alpha03.jar","jar",,"319429","507c632ec7db77bcb299b5519d59b14cc6243aac541767c632fdbeddc6226b07"
"com.google.testing.platform","android-test-plugin","0.0.9-alpha03","android-test-plugin-0.0.9-alpha03.jar","jar",,"156806","d6cb7e126f433037190bcd3c3b904b19ba842d46b17b0fd27c38cc4ccecbec90"
"com.google.testing.platform","core","0.0.9-alpha03","core-0.0.9-alpha03.jar","jar",,"1062539","6e1806d015c416596f53a45a3100e25743c313a6e3fc4f52f24e8b257f2c82ce"
"com.google.testing.platform","core-proto","0.0.9-alpha03","core-proto-0.0.9-alpha03.jar","jar",,"1192010","d001eb0ccbbfc8cb9eaa193a358e63712974639775647be949ab232c2b29b407"
"com.google.testing.platform","launcher","0.0.9-alpha03","launcher-0.0.9-alpha03.jar","jar",,"1401314","0012f980a059a0c4c216d0f1d0016867ab31eb8079e3f8f879f1f02b7be3a6e7"
"com.googlecode.juniversalchardet","juniversalchardet","1.0.3","juniversalchardet-1.0.3.jar","jar",,"220813","757bfe906193b8b651e79dc26cd67d6b55d0770a2cdfb0381591504f779d4a76"
"com.intellij","annotations","12.0","annotations-12.0.jar","jar",,"20195","f8ab13b14be080fe2f617f90e55599760e4a1b4deeea5c595df63d0d6375ed6d"
"com.lemonappdev","konsist","0.17.3","konsist-0.17.3.jar","jar",,"1853552","ba7a5b08838c36d6b04395869680fb40110c1821aae3898d2932644eb372d744"
"com.pinterest.ktlint","ktlint-cli-ruleset-core","0.50.0","ktlint-cli-ruleset-core-0.50.0.jar","jar",,"2302","0495fcf5fa3303c40ed1783a622390ab1f8afb4589d0053d4e0ea79841d072c9"
"com.pinterest.ktlint","ktlint-logger","0.50.0","ktlint-logger-0.50.0.jar","jar",,"4699","1b9a757e72aa1db1d5698c904cbb51b49ba951707fdcffcef46bc1b806c28b96"
"com.pinterest.ktlint","ktlint-rule-engine-core","0.50.0","ktlint-rule-engine-core-0.50.0.jar","jar",,"123092","5286a159a50bb3d7c49464438d65387455acf9d7e4ebcbd8f48d0c8bee1bc930"
"com.pinterest.ktlint","ktlint-ruleset-standard","0.50.0","ktlint-ruleset-standard-0.50.0.jar","jar",,"811028","65a5ca34005ed2e54018a97f777ddc9a9e6e6d25a40a3004143fc451cf603e04"
"com.squareup","javapoet","1.13.0","javapoet-1.13.0.jar","jar",,"106068","4c7517e848a71b36d069d12bb3bf46a70fd4cda3105d822b0ed2e19c00b69291"
"com.squareup","javawriter","2.1.1","javawriter-2.1.1.jar","jar",,"11911","f699823d0081f69cbb676c1845ea222e0ada79bc88a53e5d22d8bd02d328f57e"
"com.squareup","javawriter","2.5.0","javawriter-2.5.0.jar","jar",,"12781","fcfb09fb0ea0aa97d3cfe7ea792398081348e468f126b3603cb3803f240197f0"
"com.squareup","kotlinpoet","1.14.2","kotlinpoet-1.14.2.jar","jar",,"348883","102d5d8a289d961cd7f39204c264d272e4aad775e388d909f6050e14558aae9b"
"com.squareup","kotlinpoet-javapoet","1.14.2","kotlinpoet-javapoet-1.14.2.jar","jar",,"14133","892aa78f3a3df30daaec099d06ef0b8e884e96111a9e14961cbf745aff371f1b"
"com.sun.activation","javax.activation","1.2.0","javax.activation-1.2.0.jar","jar",,"78030","993302b16cd7056f21e779cc577d175a810bb4900ef73cd8fbf2b50f928ba9ce"
"com.sun.istack","istack-commons-runtime","3.0.8","istack-commons-runtime-3.0.8.jar","jar",,"27156","4ffabb06be454a05e4398e20c77fa2b6308d4b88dfbef7ca30a76b5b7d5505ef"
"com.sun.xml.fastinfoset","FastInfoset","1.2.16","FastInfoset-1.2.16.jar","jar",,"317195","056f3a1e144409f21ed16afc26805f58e9a21f3fce1543c42d400719d250c511"
"commons-codec","commons-codec","1.11","commons-codec-1.11.jar","jar",,"335042","e599d5318e97aa48f42136a2927e6dfa4e8881dff0e6c8e3109ddbbff51d7b7d"
"commons-codec","commons-codec","1.15","commons-codec-1.15.jar","jar",,"353793","b3e9f6d63a790109bf0d056611fbed1cf69055826defeb9894a71369d246ed63"
"commons-io","commons-io","2.16.1","commons-io-2.16.1.jar","jar",,"508826","f41f7baacd716896447ace9758621f62c1c6b0a91d89acee488da26fc477c84f"
"commons-logging","commons-logging","1.2","commons-logging-1.2.jar","jar",,"61829","daddea1ea0be0f56978ab3006b8ac92834afeefbd9b7e4e6316fca57df0fa636"
"dev.drewhamilton.poko","poko-annotations-jvm","0.16.0","poko-annotations-jvm-0.16.0.jar","jar",,"2514","940e6d50445bc6b0ae26ad414ec7b953a3e4e802dc7756cc14d56958bc97cc31"
"io.github.davidburstrom.contester","contester-breakpoint","0.2.0","contester-breakpoint-0.2.0.jar","jar",,"1552","672cbebb5d45a72b35dd81fd6127e187451bb6fb7fba35315bbdf2f57cfce835"
"io.github.detekt.sarif4k","sarif4k-jvm","0.6.0","sarif4k-jvm-0.6.0.jar","jar",,"520788","b3ac96dd97acba8318dbe26f6a432d6c6db91c46c780805e8928b8103e5763dc"
"io.github.microutils","kotlin-logging-jvm","3.0.5","kotlin-logging-jvm-3.0.5.jar","jar",,"43916","2a9477a4138487bb7fbb057ee3ac0f455b58f8d4bed94c885fa64260de59e4dc"
"io.gitlab.arturbosch.detekt","detekt-api","1.23.7","detekt-api-1.23.7.jar","jar",,"149954","93fd0c9cdb22dd97ecfc843d55abfc52c9d9c6a0db32abdf9c85735e1bc8047d"
"io.gitlab.arturbosch.detekt","detekt-cli","1.23.7","detekt-cli-1.23.7.jar","jar",,"52165","d7ddded00163f57ffc81d740ed6e194d0660eb8c60008af3acc3b9561d907875"
"io.gitlab.arturbosch.detekt","detekt-core","1.23.7","detekt-core-1.23.7.jar","jar",,"269503","a100da3ff7cc41c9a4ee1cfb6baf875da04714359a518e369673f1896ccd1e01"
"io.gitlab.arturbosch.detekt","detekt-formatting","1.23.7","detekt-formatting-1.23.7.jar","jar",,"1303694","b231d1346137c7eb73cb63953a7c56e78783987ca4fdda3c5f7bf8fccdfc8e02"
"io.gitlab.arturbosch.detekt","detekt-gradle-plugin","1.23.7","detekt-gradle-plugin-1.23.7.jar","jar",,"174100","64953a1d81e9062ca2ec96841c0844cb58f2a1591c7bfea92a4275d392417805"
"io.gitlab.arturbosch.detekt","detekt-metrics","1.23.7","detekt-metrics-1.23.7.jar","jar",,"95767","a3592ec4f927f4101b85782a47b94a19aec9c1c75a9054430d8898190d6d0065"
"io.gitlab.arturbosch.detekt","detekt-parser","1.23.7","detekt-parser-1.23.7.jar","jar",,"14246","e217ab883e2e0f0e8a69b1fce7a131ff93a8bf2e06bd5fd395b38cde6b9c9504"
"io.gitlab.arturbosch.detekt","detekt-psi-utils","1.23.7","detekt-psi-utils-1.23.7.jar","jar",,"78722","6a054c91da27aac77db3ed509ff9f408c45410e1a5e989dc380aae3c09d7fb6e"
"io.gitlab.arturbosch.detekt","detekt-report-html","1.23.7","detekt-report-html-1.23.7.jar","jar",,"37779","bd0dcd0cccb72fe86f665c700d9c95dbfae33db35c09fc331b71c1896c8737fc"
"io.gitlab.arturbosch.detekt","detekt-report-md","1.23.7","detekt-report-md-1.23.7.jar","jar",,"15100","7c3ad77113fb8821b5adde900d318bb39d4d2361eae30f0de2adbe8fea2ea648"
"io.gitlab.arturbosch.detekt","detekt-report-sarif","1.23.7","detekt-report-sarif-1.23.7.jar","jar",,"17887","0bb1ecf6dd43758d193d99dd02333da3afc2bfc21238139fe319f586714b9b1d"
"io.gitlab.arturbosch.detekt","detekt-report-txt","1.23.7","detekt-report-txt-1.23.7.jar","jar",,"3480","34a7bee9da3c414bb69547b72ceaeab799b98a63b082b2c826460b5421c64c70"
"io.gitlab.arturbosch.detekt","detekt-report-xml","1.23.7","detekt-report-xml-1.23.7.jar","jar",,"16692","c4b78909c4ef03f0dc1bbd807207aa4d75524f4a29e747ffeb4997d0f7c8e09b"
"io.gitlab.arturbosch.detekt","detekt-rules","1.23.7","detekt-rules-1.23.7.jar","jar",,"303","b94ae25b9bc5c99bb1b9b289ea9b8138e220428f92d74d2216bc278b6cfa5e46"
"io.gitlab.arturbosch.detekt","detekt-rules-complexity","1.23.7","detekt-rules-complexity-1.23.7.jar","jar",,"96980","d8f9098f42548785ea26bd08fd23551104fe4357be1e00ad567b626f86766d66"
"io.gitlab.arturbosch.detekt","detekt-rules-coroutines","1.23.7","detekt-rules-coroutines-1.23.7.jar","jar",,"41902","c5123c9fbcbe4ed494ea8826ec3102285a4e479e1c0ddbb8071bbe4984524402"
"io.gitlab.arturbosch.detekt","detekt-rules-documentation","1.23.7","detekt-rules-documentation-1.23.7.jar","jar",,"61912","864f1e4dc8c605bfbb894ed67402ded9a23b1ac17c73c6aaf8e8f0514c3c3962"
"io.gitlab.arturbosch.detekt","detekt-rules-empty","1.23.7","detekt-rules-empty-1.23.7.jar","jar",,"29275","abe9a00622e63d6c9123a57b79281e3e951d3a6498ddc758564bbdfeb988f0ff"
"io.gitlab.arturbosch.detekt","detekt-rules-errorprone","1.23.7","detekt-rules-errorprone-1.23.7.jar","jar",,"167368","431f016bbf3275a5ba6c7b9c6090f63b878df3e801b05190939cc2863402bf04"
"io.gitlab.arturbosch.detekt","detekt-rules-exceptions","1.23.7","detekt-rules-exceptions-1.23.7.jar","jar",,"82493","02c715b2107a7223f203405bb8e4b5b418c3643e264029c750e7a3e504c1be78"
"io.gitlab.arturbosch.detekt","detekt-rules-naming","1.23.7","detekt-rules-naming-1.23.7.jar","jar",,"104798","c99c026cc45578703353b9eb2108b8bc1cd445170cabb3057163f45e53926886"
"io.gitlab.arturbosch.detekt","detekt-rules-performance","1.23.7","detekt-rules-performance-1.23.7.jar","jar",,"31167","c00fd0ae45b4c35fed4c3b180666eda9b5eeb1912b6d27efead0d2926c93920a"
"io.gitlab.arturbosch.detekt","detekt-rules-style","1.23.7","detekt-rules-style-1.23.7.jar","jar",,"622536","9effb12bece270a623c6719f57c0e93547d3c5bf00b221e77dd461aab9981169"
"io.gitlab.arturbosch.detekt","detekt-tooling","1.23.7","detekt-tooling-1.23.7.jar","jar",,"94699","7a148ecfd983ee258a67eb8bb194bda7d628a3b85fa9283a29c5b1d4a7e9d02d"
"io.gitlab.arturbosch.detekt","detekt-utils","1.23.7","detekt-utils-1.23.7.jar","jar",,"18390","0b5c211c72f63985a3e2e0f12f9a7733c7b3411b983a1c7f3175f3bd68d72194"
"io.grpc","grpc-api","1.57.2","grpc-api-1.57.2.jar","jar",,"292602","42b72e6572c084055ac3ce03e6efe433eb05ef620b3daf5136a4359fc72cc3e1"
"io.grpc","grpc-api","1.69.1","grpc-api-1.69.1.jar","jar",,"320093","a8d3d6dcc71f3ab613d668842282b488bdd93d3e99a0ef5dca7eee6fa734c283"
"io.grpc","grpc-context","1.57.2","grpc-context-1.57.2.jar","jar",,"295","9b8ac88d9cef2819daffed7bdbd2f22680237d482c6c671fe02d36da3f08cf00"
"io.grpc","grpc-context","1.69.1","grpc-context-1.69.1.jar","jar",,"295","45ef95b8c158a8b5bdd3acb67b9e682ef25414bb148f488ec847438ab64715d4"
"io.grpc","grpc-core","1.57.2","grpc-core-1.57.2.jar","jar",,"744037","5a10070abfeb4966ec4d580961dcc4e7f69fa83ab25242f92c1765efb07b8606"
"io.grpc","grpc-core","1.69.1","grpc-core-1.69.1.jar","jar",,"653323","51352cadaecbf9a4a4aa42d93f6f1fc728f1fd01b051680383ed09e5631ffbd0"
"io.grpc","grpc-inprocess","1.69.1","grpc-inprocess-1.69.1.jar","jar",,"39454","b7c6ac0e3abf4b8d582610d632d79417bc3da81254e1a4bcf7f01e8db7bd55ef"
"io.grpc","grpc-netty","1.57.2","grpc-netty-1.57.2.jar","jar",,"284864","9809d4c10c94d11e7b2946cdeb5b2884be20a09510289544f37569f02c877a21"
"io.grpc","grpc-netty","1.69.1","grpc-netty-1.69.1.jar","jar",,"291719","52a86ed66f78933e83d1a3fb7162ad1667489564c4556366b7a3579c7024a447"
"io.grpc","grpc-protobuf","1.57.2","grpc-protobuf-1.57.2.jar","jar",,"5212","31630d8a9e9f08a959862015e30a4863908be3680c3a686f4c1f08d2ffeaf706"
"io.grpc","grpc-protobuf","1.69.1","grpc-protobuf-1.69.1.jar","jar",,"5292","4c52ef948fb8987a3baa7d46ba362b7bf307dd3c51f29241cd5c598398a010df"
"io.grpc","grpc-protobuf-lite","1.57.2","grpc-protobuf-lite-1.57.2.jar","jar",,"7811","fc4917dc5d419ac810fb3f27523c14e75e1fe50372154fab29324215ee6a955a"
"io.grpc","grpc-protobuf-lite","1.69.1","grpc-protobuf-lite-1.69.1.jar","jar",,"7854","c29f90fadf3c7620f9359a243c067dd85b73bd765b28f3d95df910ac2d331555"
"io.grpc","grpc-services","1.57.2","grpc-services-1.57.2.jar","jar",,"790413","057a43ba647833756ab2f851bac80a3b9f8dce026fc1ac1f17d4f315648f4172"
"io.grpc","grpc-stub","1.57.2","grpc-stub-1.57.2.jar","jar",,"50925","84d2af12719168f76375f2afdfd6eb5133a865edba9244d40e6b968e3adde1d3"
"io.grpc","grpc-stub","1.69.1","grpc-stub-1.69.1.jar","jar",,"52544","e39c63273d53052ebe9f638d8ae98176735ec567328d9a17092cddb6f239b8c2"
"io.grpc","grpc-util","1.69.1","grpc-util-1.69.1.jar","jar",,"100919","dd597bd675eaa042f3e3578648d9050c813c4595c5de6869ef9ddbb449006031"
"io.netty","netty-buffer","4.1.110.Final","netty-buffer-4.1.110.Final.jar","jar",,"333176","46d74e79125aacc055c31f18152fdc5d4a569aa8d60091203d0baa833973ac3c"
"io.netty","netty-buffer","4.1.93.Final","netty-buffer-4.1.93.Final.jar","jar",,"305449","007c7d9c378df02d390567d0d7ddf542ffddb021b7313dbf502392113ffabb08"
"io.netty","netty-codec","4.1.110.Final","netty-codec-4.1.110.Final.jar","jar",,"353944","9eccce9a8d827bb8ce84f9c3183fec58bd1c96a51010cf711297746034af3701"
"io.netty","netty-codec","4.1.93.Final","netty-codec-4.1.93.Final.jar","jar",,"345166","990c378168dc6364c6ff569701f4f2f122fffe8998b3e189eba4c4d868ed1084"
"io.netty","netty-codec-http","4.1.110.Final","netty-codec-http-4.1.110.Final.jar","jar",,"668432","dc0d6af5054630a70ff0ef354f20aa7a6e46738c9fc5636ed3d4fe77e38bd48d"
"io.netty","netty-codec-http","4.1.93.Final","netty-codec-http-4.1.93.Final.jar","jar",,"656555","dacf78ce78ab2d29570325db4cd2451ea589639807de95881a0fa7155a9e6b55"
"io.netty","netty-codec-http2","4.1.110.Final","netty-codec-http2-4.1.110.Final.jar","jar",,"490271","b546c75445a487bb7bcd5a94779caecce33582cf7be31b8b39fc0e65b1ee26fc"
"io.netty","netty-codec-http2","4.1.93.Final","netty-codec-http2-4.1.93.Final.jar","jar",,"483282","d96cc09045a1341c6d47494352aa263b87b72fb1d2ea9eca161aa73820bfe8bb"
"io.netty","netty-codec-socks","4.1.110.Final","netty-codec-socks-4.1.110.Final.jar","jar",,"121002","976052a3c9bb280bc6d99f3a29e6404677cf958c3de05b205093d38c006b880c"
"io.netty","netty-codec-socks","4.1.93.Final","netty-codec-socks-4.1.93.Final.jar","jar",,"120708","0ea47b5ba23ca1da8eb9146c8fc755c1271414633b1e2be2ce1df764ba0fff2a"
"io.netty","netty-common","4.1.110.Final","netty-common-4.1.110.Final.jar","jar",,"688546","9851ec66548b9e0d41164ce98943cdd4bbe305f68ddbd24eae52e4501a0d7b1a"
"io.netty","netty-common","4.1.93.Final","netty-common-4.1.93.Final.jar","jar",,"659312","443bb316599fb16e3baeba2fb58881814d7ff0b7af176fe76e38071a6e86f8c0"
"io.netty","netty-handler","4.1.110.Final","netty-handler-4.1.110.Final.jar","jar",,"569951","d5a08d7de364912e4285968de4d4cce3f01da4bb048d5c6937e5f2af1f8e148a"
"io.netty","netty-handler","4.1.93.Final","netty-handler-4.1.93.Final.jar","jar",,"554189","4e5f563ae14ed713381816d582f5fcfd0615aefb29203486cdfb782d8a00a02b"
"io.netty","netty-handler-proxy","4.1.110.Final","netty-handler-proxy-4.1.110.Final.jar","jar",,"25620","ad54ab4fe9c47ef3e723d71251126db53e8db543871adb9eafc94446539eff52"
"io.netty","netty-handler-proxy","4.1.93.Final","netty-handler-proxy-4.1.93.Final.jar","jar",,"25484","2ac5f7fbefa0b73ef783889069344d5515505a14b2303be693c5002c486df2b4"
"io.netty","netty-resolver","4.1.110.Final","netty-resolver-4.1.110.Final.jar","jar",,"37814","a2e9b4ae7caa92fc5bd747e11d1dec20d81b18fc00959554302244ac5c56ce70"
"io.netty","netty-resolver","4.1.93.Final","netty-resolver-4.1.93.Final.jar","jar",,"37787","e59770b66e81822e5d111ac4e544d7eb0c543e0a285f52628e53941acd8ed759"
"io.netty","netty-transport","4.1.110.Final","netty-transport-4.1.110.Final.jar","jar",,"517826","a42dd68390ca14b4ff2d40628a096c76485b4adb7c19602d5289321a0669e704"
"io.netty","netty-transport","4.1.93.Final","netty-transport-4.1.93.Final.jar","jar",,"488587","a5a78019bc1cd43dbc3c7b7cdd3801912ca26d1f498fb560514fee497864ba96"
"io.netty","netty-transport-native-unix-common","4.1.110.Final","netty-transport-native-unix-common-4.1.110.Final.jar","jar",,"44064","51717bb7471141950390c6713a449fdb1054d07e60737ee7dda7083796cdee48"
"io.netty","netty-transport-native-unix-common","4.1.93.Final","netty-transport-native-unix-common-4.1.93.Final.jar","jar",,"43894","774165a1c4dbaacb17f9c1ad666b3569a6a59715ae828e7c3d47703f479a53e7"
"io.opencensus","opencensus-api","0.31.0","opencensus-api-0.31.0.jar","jar",,"355406","702ba55d78f39d55195dcf041fdfaab7a7490a9ac45013542487ed9e4d3a4d23"
"io.opencensus","opencensus-proto","0.2.0","opencensus-proto-0.2.0.jar","jar",,"749538","0c192d451e9dd74e98721b27d02f0e2b6bca44b51563b5dabf2e211f7a3ebf13"
"io.perfmark","perfmark-api","0.26.0","perfmark-api-0.26.0.jar","jar",,"6816","b7d23e93a34537ce332708269a0d1404788a5b5e1949e82f5535fce51b3ea95b"
"io.perfmark","perfmark-api","0.27.0","perfmark-api-0.27.0.jar","jar",,"6954","c7b478503ec524e55df19b424d46d27c8a68aeb801664fadd4f069b71f52d0f6"
"jakarta.activation","jakarta.activation-api","1.2.1","jakarta.activation-api-1.2.1.jar","jar",,"44399","8b0a0f52fa8b05c5431921a063ed866efaa41dadf2e3a7ee3e1961f2b0d9645b"
"jakarta.inject","jakarta.inject-api","2.0.1","jakarta.inject-api-2.0.1.jar","jar",,"10681","f7dc98062fccf14126abb751b64fab12c312566e8cbdc8483598bffcea93af7c"
"jakarta.xml.bind","jakarta.xml.bind-api","2.3.2","jakarta.xml.bind-api-2.3.2.jar","jar",,"115498","69156304079bdeed9fc0ae3b39389f19b3cc4ba4443bc80508995394ead742ea"
"javax.annotation","javax.annotation-api","1.3.2","javax.annotation-api-1.3.2.jar","jar",,"26586","e04ba5195bcd555dc95650f7cc614d151e4bcd52d29a10b8aa2197f3ab89ab9b"
"javax.inject","javax.inject","1","javax.inject-1.jar","jar",,"2497","91c77044a50c481636c32d916fd89c9118a72195390452c81065080f957de7ff"
"junit","junit","4.13.2","junit-4.13.2.jar","jar",,"384581","8e495b634469d64fb8acfa3495a065cbacc8a0fff55ce1e31007be4c16dc57d3"
"net.java.dev.jna","jna","5.6.0","jna-5.6.0.jar","jar",,"1509440","5557e235a8aa2f9766d5dc609d67948f2a8832c2d796cea9ef1d6cbe0b3b7eaf"
"net.java.dev.jna","jna-platform","5.6.0","jna-platform-5.6.0.jar","jar",,"2735878","9ecea8bf2b1b39963939d18b70464eef60c508fed8820f9dcaba0c35518eabf7"
"net.ltgt.gradle.incap","incap","0.2","incap-0.2.jar","jar",,"2268","b625b9806b0f1e4bc7a2e3457119488de3cd57ea20feedd513db070a573a4ffd"
"net.sf.jopt-simple","jopt-simple","4.9","jopt-simple-4.9.jar","jar",,"66469","26c5856e954b5f864db76f13b86919b59c6eecf9fd930b96baa8884626baf2f5"
"net.sf.kxml","kxml2","2.3.0","kxml2-2.3.0.jar","jar",,"43858","f264dd9f79a1fde10ce5ecc53221eff24be4c9331c830b7d52f2f08a7b633de2"
"net.zetetic","sqlcipher-android","4.6.1","sqlcipher-android-4.6.1.aar","aar",,"9791624","b77f05fab8fea56077da20d90f340ffd1afcc01c5171b0c743b1b2f7bcd7c65d"
"org.apache.commons","commons-compress","1.21","commons-compress-1.21.jar","jar",,"1018316","6aecfd5459728a595601cfa07258d131972ffc39b492eb48bdd596577a2f244a"
"org.apache.httpcomponents","httpclient","4.5.14","httpclient-4.5.14.jar","jar",,"785639","c8bc7e1c51a6d4ce72f40d2ebbabf1c4b68bfe76e732104b04381b493478e9d6"
"org.apache.httpcomponents","httpcore","4.4.16","httpcore-4.4.16.jar","jar",,"327891","6c9b3dd142a09dc468e23ad39aad6f75a0f2b85125104469f026e52a474e464f"
"org.apache.httpcomponents","httpmime","4.5.6","httpmime-4.5.6.jar","jar",,"41794","0b2b1102c18d3c7e05a77214b9b7501a6f6056174ae5604e0e256776eda7553e"
"org.bitbucket.b_c","jose4j","0.9.5","jose4j-0.9.5.jar","jar",,"298683","808fb3166f3e67dad9811c331029ab1681242fd52b735bc3f33f281167fcc72e"
"org.bouncycastle","bcpkix-jdk18on","1.79","bcpkix-jdk18on-1.79.jar","jar",,"1134345","3639a24ddf9ba4b7eba0659b44770e91eba816421888e571f285aadefe532cd6"
"org.bouncycastle","bcprov-jdk18on","1.78.1","bcprov-jdk18on-1.78.1.jar","jar",,"8324412","add5915e6acfc6ab5836e1fd8a5e21c6488536a8c1f21f386eeb3bf280b702d7"
"org.bouncycastle","bcprov-jdk18on","1.79","bcprov-jdk18on-1.79.jar","jar",,"8575537","0d81ecc3124536b539bce9aa3fe9621b7f84c9cee371b635a5b31c78b79ab1da"
"org.bouncycastle","bcutil-jdk18on","1.79","bcutil-jdk18on-1.79.jar","jar",,"705999","c70b88ada58938cbc2f005d40329054078bcfa1149e6ffc03e9242eb6ab21836"
"org.checkerframework","checker-compat-qual","2.5.3","checker-compat-qual-2.5.3.jar","jar",,"5816","d76b9afea61c7c082908023f0cbc1427fab9abd2df915c8b8a3e7a509bccbc6d"
"org.checkerframework","checker-qual","3.33.0","checker-qual-3.33.0.jar","jar",,"223979","e316255bbfcd9fe50d165314b85abb2b33cb2a66a93c491db648e498a82c2de1"
"org.checkerframework","checker-qual","3.41.0","checker-qual-3.41.0.jar","jar",,"228963","2f9f245bf68e4259d610894f2406dc1f6363dc639302bd566e8272e4f4541172"
"org.checkerframework","checker-qual","3.43.0","checker-qual-3.43.0.jar","jar",,"231525","3fbc2e98f05854c3df16df9abaa955b91b15b3ecac33623208ed6424640ef0f6"
"org.codehaus.mojo","animal-sniffer-annotations","1.23","animal-sniffer-annotations-1.23.jar","jar",,"3109","9ffe526bf43a6348e9d8b33b9cd6f580a7f5eed0cf055913007eda263de974d0"
"org.codehaus.mojo","animal-sniffer-annotations","1.24","animal-sniffer-annotations-1.24.jar","jar",,"3112","c720e6e5bcbe6b2f48ded75a47bccdb763eede79d14330102e0d352e3d89ed92"
"org.ec4j.core","ec4j-core","0.3.0","ec4j-core-0.3.0.jar","jar",,"111556","cadef0207077074b11a12be442f89ab6cf93fbc2f848702d9371a9611414d558"
"org.glassfish.jaxb","jaxb-runtime","2.3.2","jaxb-runtime-2.3.2.jar","jar",,"1013367","e6e0a1e89fb6ff786279e6a0082d5cef52dc2ebe67053d041800737652b4fd1b"
"org.glassfish.jaxb","txw2","2.3.2","txw2-2.3.2.jar","jar",,"72080","4a6a9f483388d461b81aa9a28c685b8b74c0597993bf1884b04eddbca95f48fe"
"org.hamcrest","hamcrest-core","1.3","hamcrest-core-1.3.jar","jar",,"45024","66fdef91e9739348df7a096aa384a5685f4e875584cce89386a7a47251c4d8e9"
"org.hamcrest","hamcrest-integration","1.3","hamcrest-integration-1.3.jar","jar",,"4820","70f418efbb506c5155da5f9a5a33262ea08a9e4d7fea186aa9015c41a7224ac2"
"org.hamcrest","hamcrest-library","1.3","hamcrest-library-1.3.jar","jar",,"53070","711d64522f9ec410983bd310934296da134be4254a125080a0416ec178dfad1c"
"org.jcommander","jcommander","1.85","jcommander-1.85.jar","jar",,"93826","fa7552d2831a2b20778d86851d093edca68fbc0a77f792b6223110e4fae67a70"
"org.jdom","jdom2","2.0.6","jdom2-2.0.6.jar","jar",,"304924","1345f11ba606d15603d6740551a8c21947c0215640770ec67271fe78bea97cf5"
"org.jetbrains","annotations","13.0","annotations-13.0.jar","jar",,"17536","ace2a10dc8e2d5fd34925ecac03e4988b2c0f851650c94b8cef49ba1bd111478"
"org.jetbrains","annotations","23.0.0","annotations-23.0.0.jar","jar",,"29371","7b0f19724082cbfcbc66e5abea2b9bc92cf08a1ea11e191933ed43801eb3cd05"
"org.jetbrains.intellij.deps","trove4j","1.0.20200330","trove4j-1.0.20200330.jar","jar",,"572985","c5fd725bffab51846bf3c77db1383c60aaaebfe1b7fe2f00d23fe1b7df0a439d"
"org.jetbrains.kotlin","compose-compiler-gradle-plugin","2.1.0","compose-compiler-gradle-plugin-2.1.0-gradle85.jar","jar","gradle85","43774","cc8c0962aaf2f186f9330dec32b2607f31c137f23071cc97b5f48c335b9195c9"
"org.jetbrains.kotlin","kotlin-build-common","2.1.0","kotlin-build-common-2.1.0.jar","jar",,"524216","3a5d34e8b1ed8b80ee22d54488c2a425cf7b685481916d726ffb9994088d2cb9"
"org.jetbrains.kotlin","kotlin-build-statistics","2.1.0","kotlin-build-statistics-2.1.0.jar","jar",,"123423","32bc03764535ddbc2db1f98836579af6b631c8bea62071864ab02145f2769fbb"
"org.jetbrains.kotlin","kotlin-build-tools-api","2.1.0","kotlin-build-tools-api-2.1.0.jar","jar",,"29340","f145b814f9c01328c2c369a6b8fc77434cac02a7d68f0e05d0dd4cada78bbac7"
"org.jetbrains.kotlin","kotlin-build-tools-impl","2.1.0","kotlin-build-tools-impl-2.1.0.jar","jar",,"54378","958827bc3711fc3c3491fc77f367a999ad558352b1a2b32d18f5916cce15ed39"
"org.jetbrains.kotlin","kotlin-compiler-embeddable","2.0.10","kotlin-compiler-embeddable-2.0.10.jar","jar",,"57150845","ea76850ffe3b84c92654a73f8e366964857f7e95687ca158882241cebef591e8"
"org.jetbrains.kotlin","kotlin-compiler-embeddable","2.0.21","kotlin-compiler-embeddable-2.0.21.jar","jar",,"58272093","9fa8cdd1de0dccffe154c997d423ec6b5f53cd6d9177e3a77a9b0de03fb1bc81"
"org.jetbrains.kotlin","kotlin-compiler-embeddable","2.1.0","kotlin-compiler-embeddable-2.1.0.jar","jar",,"58801389","c1b139a6f251c3b99e92befa326cb75d93a001d74c3ac601155a8cdb0d253783"
"org.jetbrains.kotlin","kotlin-compiler-runner","2.1.0","kotlin-compiler-runner-2.1.0.jar","jar",,"19829","915872c85112df5bc08ec25a1af5d86a2d3f82b1d845310eee62be5508c13497"
"org.jetbrains.kotlin","kotlin-compose-compiler-plugin-embeddable","2.1.0","kotlin-compose-compiler-plugin-embeddable-2.1.0.jar","jar",,"872112","79563a7d0380f4449c9773b608541a67ae10d3a372cb5a335682aa57487be0ef"
"org.jetbrains.kotlin","kotlin-daemon-client","2.1.0","kotlin-daemon-client-2.1.0.jar","jar",,"243012","1751dabfcd76b58f878b90df6a602241ec4e4cd6fed60e2d5c2201c5068451e3"
"org.jetbrains.kotlin","kotlin-daemon-embeddable","2.0.10","kotlin-daemon-embeddable-2.0.10.jar","jar",,"346231","a500d6f7bb2152a8387a9e24b886d0654fdbdb6662ec264c544ce9346f186141"
"org.jetbrains.kotlin","kotlin-daemon-embeddable","2.0.21","kotlin-daemon-embeddable-2.0.21.jar","jar",,"345878","b1a0a73c5022f8dd05a638c6b76b2bd7361818a1f3860ff2644133b1dd2bdb03"
"org.jetbrains.kotlin","kotlin-daemon-embeddable","2.1.0","kotlin-daemon-embeddable-2.1.0.jar","jar",,"346166","6aa581bd53c3500e380e4bb6b2407f6d233910012f425349c2ed5a8ddbe29eac"
"org.jetbrains.kotlin","kotlin-gradle-plugin","2.1.0","kotlin-gradle-plugin-2.1.0-gradle85.jar","jar","gradle85","28864735","caafc71157634bf7864f44026f5a63d256881c1cd9711456325266a53bafe728"
"org.jetbrains.kotlin","kotlin-gradle-plugin-annotations","2.1.0","kotlin-gradle-plugin-annotations-2.1.0.jar","jar",,"6212","d53e97f0e13a37d8fa98fb44cd67e45d3bcf8b4278fdbe1acd1ddbccc740f74b"
"org.jetbrains.kotlin","kotlin-gradle-plugin-api","2.1.0","kotlin-gradle-plugin-api-2.1.0-gradle85.jar","jar","gradle85","268741","bf03d64ecffcb66d73fea0991768dd75cbeb1192d47c7a48b61ba7f7ca258858"
"org.jetbrains.kotlin","kotlin-gradle-plugin-api","2.1.0","kotlin-gradle-plugin-api-2.1.0.jar","jar",,"268741","bf03d64ecffcb66d73fea0991768dd75cbeb1192d47c7a48b61ba7f7ca258858"
"org.jetbrains.kotlin","kotlin-gradle-plugin-idea","2.1.0","kotlin-gradle-plugin-idea-2.1.0.jar","jar",,"94683","1a7e8d40f5498649e7b1995e87bd73504875254ad9cad093b86b81347e80151c"
"org.jetbrains.kotlin","kotlin-gradle-plugin-idea-proto","2.1.0","kotlin-gradle-plugin-idea-proto-2.1.0.jar","jar",,"2405291","96d0c169ae7e8191935f748146b9f64a1f6f25d121941e29714faaab089da910"
"org.jetbrains.kotlin","kotlin-gradle-plugin-model","2.1.0","kotlin-gradle-plugin-model-2.1.0.jar","jar",,"13203","306832bc994a061f3bf3f1be592b23945057080499e7dc33c52cb69e33d19164"
"org.jetbrains.kotlin","kotlin-klib-commonizer-api","2.1.0","kotlin-klib-commonizer-api-2.1.0.jar","jar",,"73469","05fcb427938d6e2379a8430bb6613ab2fe2089d057e064530e7225b864cf9e37"
"org.jetbrains.kotlin","kotlin-native-utils","2.1.0","kotlin-native-utils-2.1.0.jar","jar",,"432246","c4396feba6d0a24ab717426b36418e945b7cd0f50d77c866524f26676f968439"
"org.jetbrains.kotlin","kotlin-reflect","1.6.10","kotlin-reflect-1.6.10.jar","jar",,"3038560","3277ac102ae17aad10a55abec75ff5696c8d109790396434b496e75087854203"
"org.jetbrains.kotlin","kotlin-reflect","1.8.21","kotlin-reflect-1.8.21.jar","jar",,"3180995","8a6cd5a3cf092acee274ce2c444dc36eefdb631579859dd4d857b3309a529c91"
"org.jetbrains.kotlin","kotlin-reflect","2.0.10","kotlin-reflect-2.0.10.jar","jar",,"3065230","77ff5b0a597ba697c97556d661f68991a019ca71d40c49e8ccb6991f4f93e308"
"org.jetbrains.kotlin","kotlin-reflect","2.0.21","kotlin-reflect-2.0.21.jar","jar",,"3064567","3ad2fcad0c09ddc0922debab4444d612144b7b465b75a8bb7587e20ddfafd799"
"org.jetbrains.kotlin","kotlin-script-runtime","2.0.10","kotlin-script-runtime-2.0.10.jar","jar",,"43403","58f4f7ad99a4a045964b44fe55f0b2604d2c5f51ff4d97c7e6817983fdf92ea7"
"org.jetbrains.kotlin","kotlin-script-runtime","2.0.21","kotlin-script-runtime-2.0.21.jar","jar",,"43371","9c111f8d08ade455566272d561921adc2b2cb6b7a4ccee38d9829c5e3a1ca6a3"
"org.jetbrains.kotlin","kotlin-script-runtime","2.1.0","kotlin-script-runtime-2.1.0.jar","jar",,"43363","15a2b82119e9f145ea028029bd31166584648a419157c20948c124fa33d40e50"
"org.jetbrains.kotlin","kotlin-scripting-common","2.1.0","kotlin-scripting-common-2.1.0.jar","jar",,"195963","d3ebe15699ec1a7fb6c3b5fa939eb6b888b3273e6c0597d2c2e3aaa0e46afa45"
"org.jetbrains.kotlin","kotlin-scripting-compiler-embeddable","2.1.0","kotlin-scripting-compiler-embeddable-2.1.0.jar","jar",,"386299","b2abc6d959c915af92a289aed14a530eaf09e48613f283da0a4e8d3444340fc3"
"org.jetbrains.kotlin","kotlin-scripting-compiler-impl-embeddable","2.1.0","kotlin-scripting-compiler-impl-embeddable-2.1.0.jar","jar",,"226141","8a900406012ba5eda8925856253f72235451db387f0ce50ed31d655c9e5c66d6"
"org.jetbrains.kotlin","kotlin-scripting-jvm","2.1.0","kotlin-scripting-jvm-2.1.0.jar","jar",,"149761","c5a21b6d07ef677970b328f9ebff115282285e62c85fa1866e84e4d7be3a44a3"
"org.jetbrains.kotlin","kotlin-stdlib","1.8.21","kotlin-stdlib-1.8.21.jar","jar",,"1670468","042a1cd1ac976cdcfe5eb63f1d8e0b0b892c9248e15a69c8cfba495d546ea52a"
"org.jetbrains.kotlin","kotlin-stdlib","1.9.0","kotlin-stdlib-1.9.0.jar","jar",,"1708006","35aeffbe2db5aa446072cee50fcee48b7fa9e2fc51ca37c0cc7d7d0bc39d952e"
"org.jetbrains.kotlin","kotlin-stdlib","2.0.10","kotlin-stdlib-2.0.10.jar","jar",,"1729733","60f1cefbf1c101676abc9f413f569dad464929d7dc63d5e70e15ae26986e08ac"
"org.jetbrains.kotlin","kotlin-stdlib","2.0.21","kotlin-stdlib-2.0.21.jar","jar",,"1747660","f31cc53f105a7e48c093683bbd5437561d1233920513774b470805641bedbc09"
"org.jetbrains.kotlin","kotlin-stdlib","2.1.0","kotlin-stdlib-2.1.0.jar","jar",,"1690048","d6f91b7b0f306cca299fec74fb7c34e4874d6f5ec5b925a0b4de21901e119c3f"
"org.jetbrains.kotlin","kotlin-stdlib","2.1.10","kotlin-stdlib-2.1.10.jar","jar",,"1690053","5f2ac1ca8dc8b37a3f4314e716d36969ebf0227a75181d32699d0a8f645b1c21"
"org.jetbrains.kotlin","kotlin-stdlib","2.2.0","kotlin-stdlib-2.2.0.jar","jar",,"1750373","65d12d85a3b865c160db9147851712a64b10dadd68b22eea22a95bf8a8670dca"
"org.jetbrains.kotlin","kotlin-stdlib-common","1.8.21","kotlin-stdlib-common-1.8.21.jar","jar",,"221490","6a44c9ecc9d7754d9e943fb1e3588c74d4a3f1785be51074f49d6c5723682a73"
"org.jetbrains.kotlin","kotlin-stdlib-common","1.9.0","kotlin-stdlib-common-1.9.0.jar","jar",,"225141","283274204bd7c020789ec46f8f8e72af4244d7f550b3392a57e5ca006ad7aa2c"
"org.jetbrains.kotlin","kotlin-stdlib-jdk7","1.8.0","kotlin-stdlib-jdk7-1.8.0.jar","jar",,"963","4c889d1d9803f5f2eb6c1592a6b7e62369ac7660c9eee15aba16fec059163666"
"org.jetbrains.kotlin","kotlin-stdlib-jdk7","1.8.20","kotlin-stdlib-jdk7-1.8.20.jar","jar",,"963","af1ec40c3b951afdcc0c2a0173c7b81763c5281c2d5bafbf0a8544a24c5dcc0c"
"org.jetbrains.kotlin","kotlin-stdlib-jdk7","1.8.22","kotlin-stdlib-jdk7-1.8.22.jar","jar",,"963","055f5cb24287fa106100995a7b47ab92126b81e832e875f5fa2cf0bd55693d0b"
"org.jetbrains.kotlin","kotlin-stdlib-jdk7","2.0.21","kotlin-stdlib-jdk7-2.0.21.jar","jar",,"946","712f480760edeee48a84369e6be89f6ab52375408bb2ca3be14ef663f72bee31"
"org.jetbrains.kotlin","kotlin-stdlib-jdk7","2.2.0","kotlin-stdlib-jdk7-2.2.0.jar","jar",,"945","0d10bc0d42b8605f23629a3f31ea27c19cdbca9dcdf4f53f6d22cd6366836d18"
"org.jetbrains.kotlin","kotlin-stdlib-jdk8","1.8.0","kotlin-stdlib-jdk8-1.8.0.jar","jar",,"968","05b62804441b0c9a1920b6b7d5cf7329a4e24b6258478e32b1f046ca01900946"
"org.jetbrains.kotlin","kotlin-stdlib-jdk8","1.8.20","kotlin-stdlib-jdk8-1.8.20.jar","jar",,"969","e398b67977622718bf18ff99b739c7d9da060f33fb458a2e25203221c16af010"
"org.jetbrains.kotlin","kotlin-stdlib-jdk8","1.8.22","kotlin-stdlib-jdk8-1.8.22.jar","jar",,"969","4198b0eaf090a4f25b6f7e5a59581f4314ba8c9f6cd1d13ee9d348e65ed8f707"
"org.jetbrains.kotlin","kotlin-stdlib-jdk8","2.0.21","kotlin-stdlib-jdk8-2.0.21.jar","jar",,"952","15c8c0acb311483c068d1697501965474b70dfd80ac79580eca3a03cf51e4a1d"
"org.jetbrains.kotlin","kotlin-stdlib-jdk8","2.2.0","kotlin-stdlib-jdk8-2.2.0.jar","jar",,"951","adc16648dbbcf35b0d10e7ec301c35d746d1c2fe460c606aba59f12b117cf9b0"
"org.jetbrains.kotlin","kotlin-tooling-core","2.1.0","kotlin-tooling-core-2.1.0.jar","jar",,"100489","4176c612098cb92df38a485ff8b10aaa24abb400f610d48f5088aeb07c8002c8"
"org.jetbrains.kotlin","kotlin-util-io","2.1.0","kotlin-util-io-2.1.0.jar","jar",,"50279","001a50db3da0a89a954db615fcb0e3f4a81a5341d407060ea88c9356f10f23e1"
"org.jetbrains.kotlin","kotlin-util-klib","2.1.0","kotlin-util-klib-2.1.0.jar","jar",,"680975","6260a30e876a162d8268faaff6aa2d451e7bba008a03522075792a4e71a61c29"
"org.jetbrains.kotlin","kotlin-util-klib-metadata","2.1.0","kotlin-util-klib-metadata-2.1.0.jar","jar",,"111780","1a8a58974132dbf08193336a45c9350749a1af489667a199da3ebb3a8849907d"
"org.jetbrains.kotlinx","atomicfu-jvm","0.22.0","atomicfu-jvm-0.22.0.jar","jar",,"38431","2da073727f3ab5e5584e74c12e11519c908ae2dfaf6aeb25ded42b6682297882"
"org.jetbrains.kotlinx","kotlinx-coroutines-android","1.9.0","kotlinx-coroutines-android-1.9.0.jar","jar",,"19247","bd783acd2f9738845d58380f46f45b5cde95d0cb03027d56725338b26bfc4d72"
"org.jetbrains.kotlinx","kotlinx-coroutines-core-jvm","1.6.4","kotlinx-coroutines-core-jvm-1.6.4.jar","jar",,"1476653","c24c8bb27bb320c4a93871501a7e5e0c61607638907b197aef675513d4c820be"
"org.jetbrains.kotlinx","kotlinx-coroutines-core-jvm","1.7.3","kotlinx-coroutines-core-jvm-1.7.3.jar","jar",,"1551152","1ab3acc38f3e7355c4f9d1ec62107a46fa73c899f3070d055e5d4373dfe67e12"
"org.jetbrains.kotlinx","kotlinx-coroutines-core-jvm","1.9.0","kotlinx-coroutines-core-jvm-1.9.0.jar","jar",,"1463587","ad89c2892235e670f222d819cb3d81188143cb19a05b59df9889ae4269f5c70a"
"org.jetbrains.kotlinx","kotlinx-coroutines-test-jvm","1.9.0","kotlinx-coroutines-test-jvm-1.9.0.jar","jar",,"135030","68b87fa90db3dab1e794ff6078364087c07f87e5e4a4d0c8d3272a222ee8fe7e"
"org.jetbrains.kotlinx","kotlinx-html-jvm","0.8.1","kotlinx-html-jvm-0.8.1.jar","jar",,"796175","98bda1c78a5028a134ceb25b63f5c130c89349730d35fd47ef7490b6bf0b63b3"
"org.jetbrains.kotlinx","kotlinx-serialization-core-jvm","1.4.1","kotlinx-serialization-core-jvm-1.4.1.jar","jar",,"391429","eba7f1c854296e4ce1418fb01360f8f10c5683e7c45aa3472018417a067636f3"
"org.jetbrains.kotlinx","kotlinx-serialization-core-jvm","1.6.3","kotlinx-serialization-core-jvm-1.6.3.jar","jar",,"420348","29c821a8d4e25cbfe4f2ce96cdd4526f61f8f4e69a135f9612a34a81d93b65f1"
"org.jetbrains.kotlinx","kotlinx-serialization-json-jvm","1.4.1","kotlinx-serialization-json-jvm-1.4.1.jar","jar",,"230125","af604c46737121d4225fdb60ef0e17766a3c94b7c1c9ef76b4e3a5c7733d557e"
"org.jetbrains.kotlinx","kotlinx-serialization-json-jvm","1.6.3","kotlinx-serialization-json-jvm-1.6.3.jar","jar",,"265019","d3234179bcff1886d53d67c11eca47f7f3cf7b63c349d16965f6db51b7f3dd9a"
"org.jspecify","jspecify","1.0.0","jspecify-1.0.0.jar","jar",,"3819","1fad6e6be7557781e4d33729d49ae1cdc8fdda6fe477bb0cc68ce351eafdfbab"
"org.jvnet.staxex","stax-ex","1.8.1","stax-ex-1.8.1.jar","jar",,"38099","20522549056e9e50aa35ef0b445a2e47a53d06be0b0a9467d704e2483ffb049a"
"org.ow2.asm","asm","9.8","asm-9.8.jar","jar",,"126113","876eab6a83daecad5ca67eb9fcabb063c97b5aeb8cf1fca7a989ecde17522051"
"org.ow2.asm","asm-analysis","9.8","asm-analysis-9.8.jar","jar",,"35151","e640732fbcd3c6271925a504f125e38384688f4dfbbf92c8622dfcee0d09edb9"
"org.ow2.asm","asm-commons","9.8","asm-commons-9.8.jar","jar",,"73498","3301a1c1cb4c59fcc5292648dac1d7c5aed4c0f067dfbe88873b8cdfe77404f4"
"org.ow2.asm","asm-tree","9.8","asm-tree-9.8.jar","jar",,"51934","14b7880cb7c85eed101e2710432fc3ffb83275532a6a894dc4c4095d49ad59f1"
"org.ow2.asm","asm-util","9.8","asm-util-9.8.jar","jar",,"94559","8ba0460ecb28fd0e2980e5f3ef3433a513a457bc077f81a53bdc75b587a08d15"
"org.slf4j","slf4j-api","1.7.30","slf4j-api-1.7.30.jar","jar",,"41472","cdba07964d1bb40a0761485c6b1e8c2f8fd9eb1d19c53928ac0d7f9510105c57"
"org.slf4j","slf4j-api","2.0.3","slf4j-api-2.0.3.jar","jar",,"61409","68ddcda65300ff8097ad1a096d7cd2fb06cef25193887cec3f2690e01bdbf421"
"org.snakeyaml","snakeyaml-engine","2.7","snakeyaml-engine-2.7.jar","jar",,"293219","4053f878c171692aab8782f53a3974f43e55e2b6ed12c3682b36a46968c5ded1"
"org.tensorflow","tensorflow-lite-metadata","0.2.0","tensorflow-lite-metadata-0.2.0.jar","jar",,"379748","e9f18b8a41f017e9033cb0ed85c8a2ba2307292cdfe25eae365923e7a31d2a70"
"org.xerial","sqlite-jdbc","3.41.2.2","sqlite-jdbc-3.41.2.2.jar","jar",,"12851127","0cdab410947e04b6743df99cf1543267ddd107357d6f76948d145be590fd497d"
