"project","name","inspected"
":app","_agp_internal_javaPreCompileDevDebugAndroidTest_kspClasspath","False"
":app","_agp_internal_javaPreCompileDevDebugUnitTest_kspClasspath","False"
":app","_agp_internal_javaPreCompileDevDebug_kspClasspath","False"
":app","_agp_internal_javaPreCompileDevReleaseUnitTest_kspClasspath","False"
":app","_agp_internal_javaPreCompileDevRelease_kspClasspath","False"
":app","_agp_internal_javaPreCompileProdDebugAndroidTest_kspClasspath","False"
":app","_agp_internal_javaPreCompileProdDebugUnitTest_kspClasspath","False"
":app","_agp_internal_javaPreCompileProdDebug_kspClasspath","False"
":app","_agp_internal_javaPreCompileProdReleaseUnitTest_kspClasspath","False"
":app","_agp_internal_javaPreCompileProdRelease_kspClasspath","False"
":app","_agp_internal_javaPreCompileQaDebugAndroidTest_kspClasspath","False"
":app","_agp_internal_javaPreCompileQaDebugUnitTest_kspClasspath","False"
":app","_agp_internal_javaPreCompileQaDebug_kspClasspath","False"
":app","_agp_internal_javaPreCompileQaReleaseUnitTest_kspClasspath","False"
":app","_agp_internal_javaPreCompileQaRelease_kspClasspath","False"
":app","_agp_internal_javaPreCompileStagingDebugAndroidTest_kspClasspath","False"
":app","_agp_internal_javaPreCompileStagingDebugUnitTest_kspClasspath","False"
":app","_agp_internal_javaPreCompileStagingDebug_kspClasspath","False"
":app","_agp_internal_javaPreCompileStagingReleaseUnitTest_kspClasspath","False"
":app","_agp_internal_javaPreCompileStagingRelease_kspClasspath","False"
":app","_internal-unified-test-platform-android-device-provider-ddmlib","True"
":app","_internal-unified-test-platform-android-driver-instrumentation","True"
":app","_internal-unified-test-platform-android-test-plugin","True"
":app","_internal-unified-test-platform-android-test-plugin-host-additional-test-output","True"
":app","_internal-unified-test-platform-android-test-plugin-host-apk-installer","True"
":app","_internal-unified-test-platform-android-test-plugin-host-coverage","True"
":app","_internal-unified-test-platform-android-test-plugin-host-device-info","True"
":app","_internal-unified-test-platform-android-test-plugin-host-emulator-control","True"
":app","_internal-unified-test-platform-android-test-plugin-host-logcat","True"
":app","_internal-unified-test-platform-android-test-plugin-result-listener-gradle","True"
":app","_internal-unified-test-platform-core","True"
":app","_internal-unified-test-platform-launcher","True"
":app","androidJdkImage","False"
":app","androidTestApiDependenciesMetadata","False"
":app","androidTestCompileOnlyDependenciesMetadata","False"
":app","androidTestDebugApiDependenciesMetadata","False"
":app","androidTestDebugCompileOnlyDependenciesMetadata","False"
":app","androidTestDebugImplementationDependenciesMetadata","False"
":app","androidTestDebugIntransitiveDependenciesMetadata","False"
":app","androidTestDevApiDependenciesMetadata","False"
":app","androidTestDevCompileOnlyDependenciesMetadata","False"
":app","androidTestDevDebugApiDependenciesMetadata","False"
":app","androidTestDevDebugCompileOnlyDependenciesMetadata","False"
":app","androidTestDevDebugImplementationDependenciesMetadata","False"
":app","androidTestDevDebugIntransitiveDependenciesMetadata","False"
":app","androidTestDevImplementationDependenciesMetadata","False"
":app","androidTestDevIntransitiveDependenciesMetadata","False"
":app","androidTestImplementationDependenciesMetadata","False"
":app","androidTestIntransitiveDependenciesMetadata","False"
":app","androidTestProdApiDependenciesMetadata","False"
":app","androidTestProdCompileOnlyDependenciesMetadata","False"
":app","androidTestProdDebugApiDependenciesMetadata","False"
":app","androidTestProdDebugCompileOnlyDependenciesMetadata","False"
":app","androidTestProdDebugImplementationDependenciesMetadata","False"
":app","androidTestProdDebugIntransitiveDependenciesMetadata","False"
":app","androidTestProdImplementationDependenciesMetadata","False"
":app","androidTestProdIntransitiveDependenciesMetadata","False"
":app","androidTestQaApiDependenciesMetadata","False"
":app","androidTestQaCompileOnlyDependenciesMetadata","False"
":app","androidTestQaDebugApiDependenciesMetadata","False"
":app","androidTestQaDebugCompileOnlyDependenciesMetadata","False"
":app","androidTestQaDebugImplementationDependenciesMetadata","False"
":app","androidTestQaDebugIntransitiveDependenciesMetadata","False"
":app","androidTestQaImplementationDependenciesMetadata","False"
":app","androidTestQaIntransitiveDependenciesMetadata","False"
":app","androidTestReleaseApiDependenciesMetadata","False"
":app","androidTestReleaseCompileOnlyDependenciesMetadata","False"
":app","androidTestReleaseImplementationDependenciesMetadata","False"
":app","androidTestReleaseIntransitiveDependenciesMetadata","False"
":app","androidTestStagingApiDependenciesMetadata","False"
":app","androidTestStagingCompileOnlyDependenciesMetadata","False"
":app","androidTestStagingDebugApiDependenciesMetadata","False"
":app","androidTestStagingDebugCompileOnlyDependenciesMetadata","False"
":app","androidTestStagingDebugImplementationDependenciesMetadata","False"
":app","androidTestStagingDebugIntransitiveDependenciesMetadata","False"
":app","androidTestStagingImplementationDependenciesMetadata","False"
":app","androidTestStagingIntransitiveDependenciesMetadata","False"
":app","androidTestUtil","False"
":app","apiDependenciesMetadata","False"
":app","compileOnlyDependenciesMetadata","False"
":app","coreLibraryDesugaring","False"
":app","debugApiDependenciesMetadata","False"
":app","debugCompileOnlyDependenciesMetadata","False"
":app","debugImplementationDependenciesMetadata","False"
":app","debugIntransitiveDependenciesMetadata","False"
":app","detekt","True"
":app","detektPlugins","True"
":app","devApiDependenciesMetadata","False"
":app","devCompileOnlyDependenciesMetadata","False"
":app","devDebugAndroidTestAnnotationProcessorClasspath","True"
":app","devDebugAndroidTestApiDependenciesMetadata","False"
":app","devDebugAndroidTestCompileClasspath","True"
":app","devDebugAndroidTestCompileOnlyDependenciesMetadata","False"
":app","devDebugAndroidTestImplementationDependenciesMetadata","False"
":app","devDebugAndroidTestIntransitiveDependenciesMetadata","False"
":app","devDebugAndroidTestRuntimeClasspath","True"
":app","devDebugAnnotationProcessorClasspath","True"
":app","devDebugApiDependenciesMetadata","False"
":app","devDebugCompileClasspath","True"
":app","devDebugCompileOnlyDependenciesMetadata","False"
":app","devDebugImplementationDependenciesMetadata","False"
":app","devDebugIntransitiveDependenciesMetadata","False"
":app","devDebugReverseMetadataValues","False"
":app","devDebugRuntimeClasspath","True"
":app","devDebugUnitTestAnnotationProcessorClasspath","True"
":app","devDebugUnitTestApiDependenciesMetadata","False"
":app","devDebugUnitTestCompileClasspath","True"
":app","devDebugUnitTestCompileOnlyDependenciesMetadata","False"
":app","devDebugUnitTestImplementationDependenciesMetadata","False"
":app","devDebugUnitTestIntransitiveDependenciesMetadata","False"
":app","devDebugUnitTestRuntimeClasspath","True"
":app","devDebugWearBundling","False"
":app","devImplementationDependenciesMetadata","False"
":app","devIntransitiveDependenciesMetadata","False"
":app","devReleaseAnnotationProcessorClasspath","True"
":app","devReleaseApiDependenciesMetadata","False"
":app","devReleaseCompileClasspath","True"
":app","devReleaseCompileOnlyDependenciesMetadata","False"
":app","devReleaseImplementationDependenciesMetadata","False"
":app","devReleaseIntransitiveDependenciesMetadata","False"
":app","devReleaseReverseMetadataValues","False"
":app","devReleaseRuntimeClasspath","True"
":app","devReleaseUnitTestAnnotationProcessorClasspath","True"
":app","devReleaseUnitTestApiDependenciesMetadata","False"
":app","devReleaseUnitTestCompileClasspath","True"
":app","devReleaseUnitTestCompileOnlyDependenciesMetadata","False"
":app","devReleaseUnitTestImplementationDependenciesMetadata","False"
":app","devReleaseUnitTestIntransitiveDependenciesMetadata","False"
":app","devReleaseUnitTestRuntimeClasspath","True"
":app","devReleaseWearBundling","False"
":app","hiltAnnotationProcessorDevDebug","False"
":app","hiltAnnotationProcessorDevDebugAndroidTest","False"
":app","hiltAnnotationProcessorDevDebugUnitTest","False"
":app","hiltAnnotationProcessorDevRelease","False"
":app","hiltAnnotationProcessorDevReleaseUnitTest","False"
":app","hiltAnnotationProcessorProdDebug","False"
":app","hiltAnnotationProcessorProdDebugAndroidTest","False"
":app","hiltAnnotationProcessorProdDebugUnitTest","False"
":app","hiltAnnotationProcessorProdRelease","False"
":app","hiltAnnotationProcessorProdReleaseUnitTest","False"
":app","hiltAnnotationProcessorQaDebug","False"
":app","hiltAnnotationProcessorQaDebugAndroidTest","False"
":app","hiltAnnotationProcessorQaDebugUnitTest","False"
":app","hiltAnnotationProcessorQaRelease","False"
":app","hiltAnnotationProcessorQaReleaseUnitTest","False"
":app","hiltAnnotationProcessorStagingDebug","False"
":app","hiltAnnotationProcessorStagingDebugAndroidTest","False"
":app","hiltAnnotationProcessorStagingDebugUnitTest","False"
":app","hiltAnnotationProcessorStagingRelease","False"
":app","hiltAnnotationProcessorStagingReleaseUnitTest","False"
":app","hiltCompileOnlyDevDebug","False"
":app","hiltCompileOnlyDevDebugAndroidTest","False"
":app","hiltCompileOnlyDevDebugUnitTest","False"
":app","hiltCompileOnlyDevRelease","False"
":app","hiltCompileOnlyDevReleaseUnitTest","False"
":app","hiltCompileOnlyProdDebug","False"
":app","hiltCompileOnlyProdDebugAndroidTest","False"
":app","hiltCompileOnlyProdDebugUnitTest","False"
":app","hiltCompileOnlyProdRelease","False"
":app","hiltCompileOnlyProdReleaseUnitTest","False"
":app","hiltCompileOnlyQaDebug","False"
":app","hiltCompileOnlyQaDebugAndroidTest","False"
":app","hiltCompileOnlyQaDebugUnitTest","False"
":app","hiltCompileOnlyQaRelease","False"
":app","hiltCompileOnlyQaReleaseUnitTest","False"
":app","hiltCompileOnlyStagingDebug","False"
":app","hiltCompileOnlyStagingDebugAndroidTest","False"
":app","hiltCompileOnlyStagingDebugUnitTest","False"
":app","hiltCompileOnlyStagingRelease","False"
":app","hiltCompileOnlyStagingReleaseUnitTest","False"
":app","implementationDependenciesMetadata","False"
":app","intransitiveDependenciesMetadata","False"
":app","kotlin-extension","False"
":app","kotlinBuildToolsApiClasspath","True"
":app","kotlinCompilerClasspath","True"
":app","kotlinCompilerPluginClasspath","True"
":app","kotlinCompilerPluginClasspathDevDebug","True"
":app","kotlinCompilerPluginClasspathDevDebugAndroidTest","True"
":app","kotlinCompilerPluginClasspathDevDebugUnitTest","True"
":app","kotlinCompilerPluginClasspathDevRelease","True"
":app","kotlinCompilerPluginClasspathDevReleaseUnitTest","True"
":app","kotlinCompilerPluginClasspathProdDebug","True"
":app","kotlinCompilerPluginClasspathProdDebugAndroidTest","True"
":app","kotlinCompilerPluginClasspathProdDebugUnitTest","True"
":app","kotlinCompilerPluginClasspathProdRelease","True"
":app","kotlinCompilerPluginClasspathProdReleaseUnitTest","True"
":app","kotlinCompilerPluginClasspathQaDebug","True"
":app","kotlinCompilerPluginClasspathQaDebugAndroidTest","True"
":app","kotlinCompilerPluginClasspathQaDebugUnitTest","True"
":app","kotlinCompilerPluginClasspathQaRelease","True"
":app","kotlinCompilerPluginClasspathQaReleaseUnitTest","True"
":app","kotlinCompilerPluginClasspathStagingDebug","True"
":app","kotlinCompilerPluginClasspathStagingDebugAndroidTest","True"
":app","kotlinCompilerPluginClasspathStagingDebugUnitTest","True"
":app","kotlinCompilerPluginClasspathStagingRelease","True"
":app","kotlinCompilerPluginClasspathStagingReleaseUnitTest","True"
":app","kotlinKlibCommonizerClasspath","False"
":app","kotlinNativeCompilerPluginClasspath","False"
":app","kspDevDebugAndroidTestKotlinProcessorClasspath","True"
":app","kspDevDebugKotlinProcessorClasspath","True"
":app","kspDevDebugUnitTestKotlinProcessorClasspath","True"
":app","kspDevReleaseKotlinProcessorClasspath","True"
":app","kspDevReleaseUnitTestKotlinProcessorClasspath","True"
":app","kspPluginClasspath","True"
":app","kspPluginClasspathNonEmbeddable","True"
":app","kspProdDebugAndroidTestKotlinProcessorClasspath","True"
":app","kspProdDebugKotlinProcessorClasspath","True"
":app","kspProdDebugUnitTestKotlinProcessorClasspath","True"
":app","kspProdReleaseKotlinProcessorClasspath","True"
":app","kspProdReleaseUnitTestKotlinProcessorClasspath","True"
":app","kspQaDebugAndroidTestKotlinProcessorClasspath","True"
":app","kspQaDebugKotlinProcessorClasspath","True"
":app","kspQaDebugUnitTestKotlinProcessorClasspath","True"
":app","kspQaReleaseKotlinProcessorClasspath","True"
":app","kspQaReleaseUnitTestKotlinProcessorClasspath","True"
":app","kspStagingDebugAndroidTestKotlinProcessorClasspath","True"
":app","kspStagingDebugKotlinProcessorClasspath","True"
":app","kspStagingDebugUnitTestKotlinProcessorClasspath","True"
":app","kspStagingReleaseKotlinProcessorClasspath","True"
":app","kspStagingReleaseUnitTestKotlinProcessorClasspath","True"
":app","lintChecks","True"
":app","lintPublish","True"
":app","prodApiDependenciesMetadata","False"
":app","prodCompileOnlyDependenciesMetadata","False"
":app","prodDebugAndroidTestAnnotationProcessorClasspath","True"
":app","prodDebugAndroidTestApiDependenciesMetadata","False"
":app","prodDebugAndroidTestCompileClasspath","True"
":app","prodDebugAndroidTestCompileOnlyDependenciesMetadata","False"
":app","prodDebugAndroidTestImplementationDependenciesMetadata","False"
":app","prodDebugAndroidTestIntransitiveDependenciesMetadata","False"
":app","prodDebugAndroidTestRuntimeClasspath","True"
":app","prodDebugAnnotationProcessorClasspath","True"
":app","prodDebugApiDependenciesMetadata","False"
":app","prodDebugCompileClasspath","True"
":app","prodDebugCompileOnlyDependenciesMetadata","False"
":app","prodDebugImplementationDependenciesMetadata","False"
":app","prodDebugIntransitiveDependenciesMetadata","False"
":app","prodDebugReverseMetadataValues","False"
":app","prodDebugRuntimeClasspath","True"
":app","prodDebugUnitTestAnnotationProcessorClasspath","True"
":app","prodDebugUnitTestApiDependenciesMetadata","False"
":app","prodDebugUnitTestCompileClasspath","True"
":app","prodDebugUnitTestCompileOnlyDependenciesMetadata","False"
":app","prodDebugUnitTestImplementationDependenciesMetadata","False"
":app","prodDebugUnitTestIntransitiveDependenciesMetadata","False"
":app","prodDebugUnitTestRuntimeClasspath","True"
":app","prodDebugWearBundling","False"
":app","prodImplementationDependenciesMetadata","False"
":app","prodIntransitiveDependenciesMetadata","False"
":app","prodReleaseAnnotationProcessorClasspath","True"
":app","prodReleaseApiDependenciesMetadata","False"
":app","prodReleaseCompileClasspath","True"
":app","prodReleaseCompileOnlyDependenciesMetadata","False"
":app","prodReleaseImplementationDependenciesMetadata","False"
":app","prodReleaseIntransitiveDependenciesMetadata","False"
":app","prodReleaseReverseMetadataValues","False"
":app","prodReleaseRuntimeClasspath","True"
":app","prodReleaseUnitTestAnnotationProcessorClasspath","True"
":app","prodReleaseUnitTestApiDependenciesMetadata","False"
":app","prodReleaseUnitTestCompileClasspath","True"
":app","prodReleaseUnitTestCompileOnlyDependenciesMetadata","False"
":app","prodReleaseUnitTestImplementationDependenciesMetadata","False"
":app","prodReleaseUnitTestIntransitiveDependenciesMetadata","False"
":app","prodReleaseUnitTestRuntimeClasspath","True"
":app","prodReleaseWearBundling","False"
":app","qaApiDependenciesMetadata","False"
":app","qaCompileOnlyDependenciesMetadata","False"
":app","qaDebugAndroidTestAnnotationProcessorClasspath","True"
":app","qaDebugAndroidTestApiDependenciesMetadata","False"
":app","qaDebugAndroidTestCompileClasspath","True"
":app","qaDebugAndroidTestCompileOnlyDependenciesMetadata","False"
":app","qaDebugAndroidTestImplementationDependenciesMetadata","False"
":app","qaDebugAndroidTestIntransitiveDependenciesMetadata","False"
":app","qaDebugAndroidTestRuntimeClasspath","True"
":app","qaDebugAnnotationProcessorClasspath","True"
":app","qaDebugApiDependenciesMetadata","False"
":app","qaDebugCompileClasspath","True"
":app","qaDebugCompileOnlyDependenciesMetadata","False"
":app","qaDebugImplementationDependenciesMetadata","False"
":app","qaDebugIntransitiveDependenciesMetadata","False"
":app","qaDebugReverseMetadataValues","False"
":app","qaDebugRuntimeClasspath","True"
":app","qaDebugUnitTestAnnotationProcessorClasspath","True"
":app","qaDebugUnitTestApiDependenciesMetadata","False"
":app","qaDebugUnitTestCompileClasspath","True"
":app","qaDebugUnitTestCompileOnlyDependenciesMetadata","False"
":app","qaDebugUnitTestImplementationDependenciesMetadata","False"
":app","qaDebugUnitTestIntransitiveDependenciesMetadata","False"
":app","qaDebugUnitTestRuntimeClasspath","True"
":app","qaDebugWearBundling","False"
":app","qaImplementationDependenciesMetadata","False"
":app","qaIntransitiveDependenciesMetadata","False"
":app","qaReleaseAnnotationProcessorClasspath","True"
":app","qaReleaseApiDependenciesMetadata","False"
":app","qaReleaseCompileClasspath","True"
":app","qaReleaseCompileOnlyDependenciesMetadata","False"
":app","qaReleaseImplementationDependenciesMetadata","False"
":app","qaReleaseIntransitiveDependenciesMetadata","False"
":app","qaReleaseReverseMetadataValues","False"
":app","qaReleaseRuntimeClasspath","True"
":app","qaReleaseUnitTestAnnotationProcessorClasspath","True"
":app","qaReleaseUnitTestApiDependenciesMetadata","False"
":app","qaReleaseUnitTestCompileClasspath","True"
":app","qaReleaseUnitTestCompileOnlyDependenciesMetadata","False"
":app","qaReleaseUnitTestImplementationDependenciesMetadata","False"
":app","qaReleaseUnitTestIntransitiveDependenciesMetadata","False"
":app","qaReleaseUnitTestRuntimeClasspath","True"
":app","qaReleaseWearBundling","False"
":app","releaseApiDependenciesMetadata","False"
":app","releaseCompileOnlyDependenciesMetadata","False"
":app","releaseImplementationDependenciesMetadata","False"
":app","releaseIntransitiveDependenciesMetadata","False"
":app","stagingApiDependenciesMetadata","False"
":app","stagingCompileOnlyDependenciesMetadata","False"
":app","stagingDebugAndroidTestAnnotationProcessorClasspath","True"
":app","stagingDebugAndroidTestApiDependenciesMetadata","False"
":app","stagingDebugAndroidTestCompileClasspath","True"
":app","stagingDebugAndroidTestCompileOnlyDependenciesMetadata","False"
":app","stagingDebugAndroidTestImplementationDependenciesMetadata","False"
":app","stagingDebugAndroidTestIntransitiveDependenciesMetadata","False"
":app","stagingDebugAndroidTestRuntimeClasspath","True"
":app","stagingDebugAnnotationProcessorClasspath","True"
":app","stagingDebugApiDependenciesMetadata","False"
":app","stagingDebugCompileClasspath","True"
":app","stagingDebugCompileOnlyDependenciesMetadata","False"
":app","stagingDebugImplementationDependenciesMetadata","False"
":app","stagingDebugIntransitiveDependenciesMetadata","False"
":app","stagingDebugReverseMetadataValues","False"
":app","stagingDebugRuntimeClasspath","True"
":app","stagingDebugUnitTestAnnotationProcessorClasspath","True"
":app","stagingDebugUnitTestApiDependenciesMetadata","False"
":app","stagingDebugUnitTestCompileClasspath","True"
":app","stagingDebugUnitTestCompileOnlyDependenciesMetadata","False"
":app","stagingDebugUnitTestImplementationDependenciesMetadata","False"
":app","stagingDebugUnitTestIntransitiveDependenciesMetadata","False"
":app","stagingDebugUnitTestRuntimeClasspath","True"
":app","stagingDebugWearBundling","False"
":app","stagingImplementationDependenciesMetadata","False"
":app","stagingIntransitiveDependenciesMetadata","False"
":app","stagingReleaseAnnotationProcessorClasspath","True"
":app","stagingReleaseApiDependenciesMetadata","False"
":app","stagingReleaseCompileClasspath","True"
":app","stagingReleaseCompileOnlyDependenciesMetadata","False"
":app","stagingReleaseImplementationDependenciesMetadata","False"
":app","stagingReleaseIntransitiveDependenciesMetadata","False"
":app","stagingReleaseReverseMetadataValues","False"
":app","stagingReleaseRuntimeClasspath","True"
":app","stagingReleaseUnitTestAnnotationProcessorClasspath","True"
":app","stagingReleaseUnitTestApiDependenciesMetadata","False"
":app","stagingReleaseUnitTestCompileClasspath","True"
":app","stagingReleaseUnitTestCompileOnlyDependenciesMetadata","False"
":app","stagingReleaseUnitTestImplementationDependenciesMetadata","False"
":app","stagingReleaseUnitTestIntransitiveDependenciesMetadata","False"
":app","stagingReleaseUnitTestRuntimeClasspath","True"
":app","stagingReleaseWearBundling","False"
":app","testApiDependenciesMetadata","False"
":app","testCompileOnlyDependenciesMetadata","False"
":app","testDebugApiDependenciesMetadata","False"
":app","testDebugCompileOnlyDependenciesMetadata","False"
":app","testDebugImplementationDependenciesMetadata","False"
":app","testDebugIntransitiveDependenciesMetadata","False"
":app","testDevApiDependenciesMetadata","False"
":app","testDevCompileOnlyDependenciesMetadata","False"
":app","testDevDebugApiDependenciesMetadata","False"
":app","testDevDebugCompileOnlyDependenciesMetadata","False"
":app","testDevDebugImplementationDependenciesMetadata","False"
":app","testDevDebugIntransitiveDependenciesMetadata","False"
":app","testDevImplementationDependenciesMetadata","False"
":app","testDevIntransitiveDependenciesMetadata","False"
":app","testDevReleaseApiDependenciesMetadata","False"
":app","testDevReleaseCompileOnlyDependenciesMetadata","False"
":app","testDevReleaseImplementationDependenciesMetadata","False"
":app","testDevReleaseIntransitiveDependenciesMetadata","False"
":app","testFixturesApiDependenciesMetadata","False"
":app","testFixturesCompileOnlyDependenciesMetadata","False"
":app","testFixturesDebugApiDependenciesMetadata","False"
":app","testFixturesDebugCompileOnlyDependenciesMetadata","False"
":app","testFixturesDebugImplementationDependenciesMetadata","False"
":app","testFixturesDebugIntransitiveDependenciesMetadata","False"
":app","testFixturesDevApiDependenciesMetadata","False"
":app","testFixturesDevCompileOnlyDependenciesMetadata","False"
":app","testFixturesDevImplementationDependenciesMetadata","False"
":app","testFixturesDevIntransitiveDependenciesMetadata","False"
":app","testFixturesImplementationDependenciesMetadata","False"
":app","testFixturesIntransitiveDependenciesMetadata","False"
":app","testFixturesProdApiDependenciesMetadata","False"
":app","testFixturesProdCompileOnlyDependenciesMetadata","False"
":app","testFixturesProdImplementationDependenciesMetadata","False"
":app","testFixturesProdIntransitiveDependenciesMetadata","False"
":app","testFixturesQaApiDependenciesMetadata","False"
":app","testFixturesQaCompileOnlyDependenciesMetadata","False"
":app","testFixturesQaImplementationDependenciesMetadata","False"
":app","testFixturesQaIntransitiveDependenciesMetadata","False"
":app","testFixturesReleaseApiDependenciesMetadata","False"
":app","testFixturesReleaseCompileOnlyDependenciesMetadata","False"
":app","testFixturesReleaseImplementationDependenciesMetadata","False"
":app","testFixturesReleaseIntransitiveDependenciesMetadata","False"
":app","testFixturesStagingApiDependenciesMetadata","False"
":app","testFixturesStagingCompileOnlyDependenciesMetadata","False"
":app","testFixturesStagingImplementationDependenciesMetadata","False"
":app","testFixturesStagingIntransitiveDependenciesMetadata","False"
":app","testImplementationDependenciesMetadata","False"
":app","testIntransitiveDependenciesMetadata","False"
":app","testProdApiDependenciesMetadata","False"
":app","testProdCompileOnlyDependenciesMetadata","False"
":app","testProdDebugApiDependenciesMetadata","False"
":app","testProdDebugCompileOnlyDependenciesMetadata","False"
":app","testProdDebugImplementationDependenciesMetadata","False"
":app","testProdDebugIntransitiveDependenciesMetadata","False"
":app","testProdImplementationDependenciesMetadata","False"
":app","testProdIntransitiveDependenciesMetadata","False"
":app","testProdReleaseApiDependenciesMetadata","False"
":app","testProdReleaseCompileOnlyDependenciesMetadata","False"
":app","testProdReleaseImplementationDependenciesMetadata","False"
":app","testProdReleaseIntransitiveDependenciesMetadata","False"
":app","testQaApiDependenciesMetadata","False"
":app","testQaCompileOnlyDependenciesMetadata","False"
":app","testQaDebugApiDependenciesMetadata","False"
":app","testQaDebugCompileOnlyDependenciesMetadata","False"
":app","testQaDebugImplementationDependenciesMetadata","False"
":app","testQaDebugIntransitiveDependenciesMetadata","False"
":app","testQaImplementationDependenciesMetadata","False"
":app","testQaIntransitiveDependenciesMetadata","False"
":app","testQaReleaseApiDependenciesMetadata","False"
":app","testQaReleaseCompileOnlyDependenciesMetadata","False"
":app","testQaReleaseImplementationDependenciesMetadata","False"
":app","testQaReleaseIntransitiveDependenciesMetadata","False"
":app","testReleaseApiDependenciesMetadata","False"
":app","testReleaseCompileOnlyDependenciesMetadata","False"
":app","testReleaseImplementationDependenciesMetadata","False"
":app","testReleaseIntransitiveDependenciesMetadata","False"
":app","testStagingApiDependenciesMetadata","False"
":app","testStagingCompileOnlyDependenciesMetadata","False"
":app","testStagingDebugApiDependenciesMetadata","False"
":app","testStagingDebugCompileOnlyDependenciesMetadata","False"
":app","testStagingDebugImplementationDependenciesMetadata","False"
":app","testStagingDebugIntransitiveDependenciesMetadata","False"
":app","testStagingImplementationDependenciesMetadata","False"
":app","testStagingIntransitiveDependenciesMetadata","False"
":app","testStagingReleaseApiDependenciesMetadata","False"
":app","testStagingReleaseCompileOnlyDependenciesMetadata","False"
":app","testStagingReleaseImplementationDependenciesMetadata","False"
":app","testStagingReleaseIntransitiveDependenciesMetadata","False"
